"","y1","y2","y3","y4","group"
"1",1,1,1,1,"2"
"2",1,1,1,1,"2"
"3",1,1,1,1,"2"
"4",1,1,1,1,"2"
"5",1,1,1,1,"2"
"6",1,1,1,1,"2"
"7",1,1,1,1,"2"
"8",1,1,1,1,"2"
"9",1,1,1,1,"2"
"10",1,1,1,1,"2"
"11",1,1,1,1,"2"
"12",1,1,1,1,"2"
"13",1,1,1,1,"2"
"14",1,1,1,1,"2"
"15",1,1,1,1,"2"
"16",1,1,1,1,"2"
"17",1,1,1,1,"2"
"18",1,1,1,1,"2"
"19",1,1,1,1,"2"
"20",1,1,1,1,"2"
"21",1,1,1,1,"2"
"22",1,1,1,1,"2"
"23",1,1,1,1,"2"
"24",1,1,1,1,"2"
"25",1,1,1,1,"2"
"26",1,1,1,1,"2"
"27",1,1,1,1,"2"
"28",1,1,1,1,"2"
"29",1,1,1,1,"2"
"30",1,1,1,1,"2"
"31",1,1,1,1,"2"
"32",1,1,1,1,"2"
"33",1,1,1,1,"2"
"34",1,1,1,1,"2"
"35",1,1,1,1,"2"
"36",1,1,1,1,"2"
"37",1,1,1,1,"2"
"38",1,1,1,1,"2"
"39",1,1,1,1,"2"
"40",1,1,1,1,"2"
"41",1,1,1,1,"2"
"42",1,1,1,1,"2"
"43",1,1,1,1,"2"
"44",1,1,1,1,"2"
"45",1,1,1,1,"2"
"46",1,1,1,1,"2"
"47",1,1,1,1,"2"
"48",1,1,1,1,"2"
"49",1,1,1,1,"2"
"50",1,1,1,1,"2"
"51",1,1,1,1,"2"
"52",1,1,1,1,"2"
"53",1,1,1,1,"2"
"54",1,1,1,1,"2"
"55",1,1,1,1,"2"
"56",1,1,1,1,"2"
"57",1,1,1,1,"2"
"58",1,1,1,1,"2"
"59",1,1,1,1,"2"
"60",1,1,1,1,"2"
"61",1,1,1,1,"2"
"62",1,1,1,1,"2"
"63",1,1,1,1,"1"
"64",1,1,1,1,"1"
"65",1,1,1,1,"1"
"66",1,1,1,1,"1"
"67",1,1,1,1,"1"
"68",1,1,1,1,"1"
"69",1,1,1,1,"1"
"70",1,1,1,1,"1"
"71",1,1,1,1,"1"
"72",1,1,1,1,"1"
"73",1,1,1,1,"1"
"74",1,1,1,1,"1"
"75",1,1,1,1,"1"
"76",1,1,1,1,"1"
"77",1,1,1,1,"1"
"78",1,1,1,1,"1"
"79",1,1,1,1,"1"
"80",1,1,1,1,"1"
"81",1,1,1,1,"1"
"82",1,1,1,1,"1"
"83",1,1,1,1,"1"
"84",1,1,1,1,"1"
"85",1,1,1,1,"1"
"86",1,1,1,1,"1"
"87",1,1,1,1,"1"
"88",1,1,1,1,"1"
"89",1,1,1,1,"1"
"90",1,1,1,1,"1"
"91",1,1,1,1,"1"
"92",1,1,1,1,"1"
"93",1,1,1,1,"1"
"94",1,1,1,1,"1"
"95",1,1,1,1,"1"
"96",1,1,1,1,"1"
"97",1,1,1,1,"1"
"98",1,1,1,1,"1"
"99",1,1,1,1,"1"
"100",1,1,1,1,"1"
"101",1,1,1,1,"1"
"102",1,1,1,1,"1"
"103",1,1,1,1,"1"
"104",1,1,1,1,"1"
"105",1,1,1,1,"1"
"106",1,1,1,1,"1"
"107",1,1,1,1,"1"
"108",1,1,1,1,"1"
"109",1,1,1,1,"1"
"110",1,1,1,1,"1"
"111",1,1,1,1,"1"
"112",1,1,1,1,"1"
"113",1,1,1,1,"1"
"114",1,1,1,1,"1"
"115",1,1,1,1,"1"
"116",1,1,1,1,"1"
"117",1,1,1,1,"1"
"118",1,1,1,1,"1"
"119",1,1,1,1,"1"
"120",1,1,1,1,"1"
"121",1,1,1,1,"1"
"122",1,1,1,1,"1"
"123",1,1,1,1,"1"
"124",1,1,1,1,"1"
"125",1,1,1,1,"1"
"126",1,1,1,1,"1"
"127",1,1,1,1,"1"
"128",1,1,1,1,"1"
"129",1,1,1,1,"1"
"130",1,1,1,1,"1"
"131",1,1,1,1,"1"
"132",1,1,1,1,"1"
"133",1,1,1,1,"1"
"134",1,1,1,1,"1"
"135",1,1,1,1,"1"
"136",1,1,1,1,"1"
"137",1,1,1,1,"1"
"138",1,1,1,1,"1"
"139",1,1,1,1,"1"
"140",1,1,1,1,"1"
"141",1,1,1,1,"1"
"142",1,1,1,1,"1"
"143",1,1,1,1,"1"
"144",1,1,1,1,"1"
"145",1,1,1,1,"1"
"146",1,1,1,1,"1"
"147",1,1,1,1,"1"
"148",1,1,1,1,"1"
"149",1,1,1,1,"1"
"150",1,1,1,1,"1"
"151",1,1,1,1,"1"
"152",1,1,1,1,"1"
"153",1,1,1,1,"1"
"154",1,1,1,1,"1"
"155",1,1,1,1,"1"
"156",1,1,1,1,"1"
"157",1,1,1,1,"1"
"158",1,1,1,1,"1"
"159",1,1,1,1,"1"
"160",1,1,1,1,"1"
"161",1,1,1,1,"1"
"162",1,1,1,1,"1"
"163",1,1,1,1,"1"
"164",1,1,1,1,"1"
"165",1,1,1,1,"1"
"166",1,1,1,1,"1"
"167",1,1,1,1,"1"
"168",1,1,1,1,"1"
"169",1,1,1,1,"1"
"170",1,1,1,1,"1"
"171",1,1,1,1,"1"
"172",1,1,1,1,"1"
"173",1,1,1,1,"1"
"174",1,1,1,1,"1"
"175",1,1,1,1,"1"
"176",1,1,1,1,"1"
"177",1,1,1,1,"1"
"178",1,1,1,1,"1"
"179",1,1,1,1,"1"
"180",1,1,1,1,"1"
"181",1,1,1,1,"1"
"182",1,1,1,1,"1"
"183",1,1,1,1,"1"
"184",1,1,1,1,"1"
"185",1,1,1,0,"2"
"186",1,1,1,0,"2"
"187",1,1,1,0,"2"
"188",1,1,1,0,"2"
"189",1,1,1,0,"2"
"190",1,1,1,0,"2"
"191",1,1,1,0,"2"
"192",1,1,1,0,"2"
"193",1,1,1,0,"2"
"194",1,1,1,0,"2"
"195",1,1,1,0,"2"
"196",1,1,1,0,"2"
"197",1,1,1,0,"2"
"198",1,1,1,0,"2"
"199",1,1,1,0,"2"
"200",1,1,1,0,"2"
"201",1,1,1,0,"2"
"202",1,1,1,0,"2"
"203",1,1,1,0,"2"
"204",1,1,1,0,"2"
"205",1,1,1,0,"2"
"206",1,1,1,0,"2"
"207",1,1,1,0,"2"
"208",1,1,1,0,"2"
"209",1,1,1,0,"2"
"210",1,1,1,0,"2"
"211",1,1,1,0,"2"
"212",1,1,1,0,"2"
"213",1,1,1,0,"2"
"214",1,1,1,0,"2"
"215",1,1,1,0,"2"
"216",1,1,1,0,"2"
"217",1,1,1,0,"2"
"218",1,1,1,0,"2"
"219",1,1,1,0,"2"
"220",1,1,1,0,"2"
"221",1,1,1,0,"2"
"222",1,1,1,0,"2"
"223",1,1,1,0,"2"
"224",1,1,1,0,"2"
"225",1,1,1,0,"2"
"226",1,1,1,0,"2"
"227",1,1,1,0,"2"
"228",1,1,1,0,"2"
"229",1,1,1,0,"2"
"230",1,1,1,0,"2"
"231",1,1,1,0,"2"
"232",1,1,1,0,"2"
"233",1,1,1,0,"2"
"234",1,1,1,0,"2"
"235",1,1,1,0,"2"
"236",1,1,1,0,"2"
"237",1,1,1,0,"2"
"238",1,1,1,0,"2"
"239",1,1,1,0,"2"
"240",1,1,1,0,"2"
"241",1,1,1,0,"2"
"242",1,1,1,0,"2"
"243",1,1,1,0,"2"
"244",1,1,1,0,"2"
"245",1,1,1,0,"2"
"246",1,1,1,0,"2"
"247",1,1,1,0,"2"
"248",1,1,1,0,"2"
"249",1,1,1,0,"2"
"250",1,1,1,0,"2"
"251",1,1,1,0,"2"
"252",1,1,1,0,"2"
"253",1,1,1,0,"2"
"254",1,1,1,0,"2"
"255",1,1,1,0,"1"
"256",1,1,1,0,"1"
"257",1,1,1,0,"1"
"258",1,1,1,0,"1"
"259",1,1,1,0,"1"
"260",1,1,1,0,"1"
"261",1,1,1,0,"1"
"262",1,1,1,0,"1"
"263",1,1,1,0,"1"
"264",1,1,1,0,"1"
"265",1,1,1,0,"1"
"266",1,1,1,0,"1"
"267",1,1,1,0,"1"
"268",1,1,1,0,"1"
"269",1,1,1,0,"1"
"270",1,1,1,0,"1"
"271",1,1,1,0,"1"
"272",1,1,1,0,"1"
"273",1,1,1,0,"1"
"274",1,1,1,0,"1"
"275",1,1,1,0,"1"
"276",1,1,1,0,"1"
"277",1,1,1,0,"1"
"278",1,1,1,0,"1"
"279",1,1,1,0,"1"
"280",1,1,1,0,"1"
"281",1,1,1,0,"1"
"282",1,1,1,0,"1"
"283",1,1,1,0,"1"
"284",1,1,1,0,"1"
"285",1,1,1,0,"1"
"286",1,1,1,0,"1"
"287",1,1,1,0,"1"
"288",1,1,1,0,"1"
"289",1,1,1,0,"1"
"290",1,1,1,0,"1"
"291",1,1,1,0,"1"
"292",1,1,1,0,"1"
"293",1,1,1,0,"1"
"294",1,1,1,0,"1"
"295",1,1,1,0,"1"
"296",1,1,1,0,"1"
"297",1,1,1,0,"1"
"298",1,1,1,0,"1"
"299",1,1,1,0,"1"
"300",1,1,1,0,"1"
"301",1,1,1,0,"1"
"302",1,1,1,0,"1"
"303",1,1,1,0,"1"
"304",1,1,1,0,"1"
"305",1,1,1,0,"1"
"306",1,1,1,0,"1"
"307",1,1,1,0,"1"
"308",1,1,1,0,"1"
"309",1,1,1,0,"1"
"310",1,1,1,0,"1"
"311",1,1,1,0,"1"
"312",1,1,1,0,"1"
"313",1,1,1,0,"1"
"314",1,1,1,0,"1"
"315",1,1,1,0,"1"
"316",1,1,1,0,"1"
"317",1,1,1,0,"1"
"318",1,1,1,0,"1"
"319",1,1,1,0,"1"
"320",1,1,1,0,"1"
"321",1,1,1,0,"1"
"322",1,1,1,0,"1"
"323",1,1,0,1,"2"
"324",1,1,0,1,"2"
"325",1,1,0,1,"2"
"326",1,1,0,1,"2"
"327",1,1,0,1,"2"
"328",1,1,0,1,"2"
"329",1,1,0,1,"2"
"330",1,1,0,1,"2"
"331",1,1,0,1,"2"
"332",1,1,0,1,"2"
"333",1,1,0,1,"2"
"334",1,1,0,1,"2"
"335",1,1,0,1,"2"
"336",1,1,0,1,"2"
"337",1,1,0,1,"2"
"338",1,1,0,1,"2"
"339",1,1,0,1,"2"
"340",1,1,0,1,"2"
"341",1,1,0,1,"2"
"342",1,1,0,1,"2"
"343",1,1,0,1,"2"
"344",1,1,0,1,"2"
"345",1,1,0,1,"2"
"346",1,1,0,1,"2"
"347",1,1,0,1,"2"
"348",1,1,0,1,"2"
"349",1,1,0,1,"2"
"350",1,1,0,1,"2"
"351",1,1,0,1,"2"
"352",1,1,0,1,"2"
"353",1,1,0,1,"2"
"354",1,1,0,1,"1"
"355",1,1,0,1,"1"
"356",1,1,0,1,"1"
"357",1,1,0,1,"1"
"358",1,1,0,1,"1"
"359",1,1,0,1,"1"
"360",1,1,0,1,"1"
"361",1,1,0,1,"1"
"362",1,1,0,1,"1"
"363",1,1,0,1,"1"
"364",1,1,0,1,"1"
"365",1,1,0,1,"1"
"366",1,1,0,1,"1"
"367",1,1,0,1,"1"
"368",1,1,0,1,"1"
"369",1,1,0,1,"1"
"370",1,1,0,1,"1"
"371",1,1,0,1,"1"
"372",1,1,0,1,"1"
"373",1,1,0,1,"1"
"374",1,1,0,1,"1"
"375",1,1,0,1,"1"
"376",1,1,0,1,"1"
"377",1,1,0,1,"1"
"378",1,1,0,1,"1"
"379",1,1,0,1,"1"
"380",1,1,0,1,"1"
"381",1,1,0,1,"1"
"382",1,1,0,1,"1"
"383",1,1,0,1,"1"
"384",1,1,0,1,"1"
"385",1,1,0,1,"1"
"386",1,1,0,1,"1"
"387",1,1,0,0,"2"
"388",1,1,0,0,"2"
"389",1,1,0,0,"2"
"390",1,1,0,0,"2"
"391",1,1,0,0,"2"
"392",1,1,0,0,"2"
"393",1,1,0,0,"2"
"394",1,1,0,0,"2"
"395",1,1,0,0,"2"
"396",1,1,0,0,"2"
"397",1,1,0,0,"2"
"398",1,1,0,0,"2"
"399",1,1,0,0,"2"
"400",1,1,0,0,"2"
"401",1,1,0,0,"2"
"402",1,1,0,0,"2"
"403",1,1,0,0,"2"
"404",1,1,0,0,"2"
"405",1,1,0,0,"2"
"406",1,1,0,0,"2"
"407",1,1,0,0,"2"
"408",1,1,0,0,"2"
"409",1,1,0,0,"2"
"410",1,1,0,0,"2"
"411",1,1,0,0,"2"
"412",1,1,0,0,"2"
"413",1,1,0,0,"2"
"414",1,1,0,0,"2"
"415",1,1,0,0,"2"
"416",1,1,0,0,"2"
"417",1,1,0,0,"2"
"418",1,1,0,0,"2"
"419",1,1,0,0,"2"
"420",1,1,0,0,"2"
"421",1,1,0,0,"2"
"422",1,1,0,0,"2"
"423",1,1,0,0,"2"
"424",1,1,0,0,"2"
"425",1,1,0,0,"2"
"426",1,1,0,0,"2"
"427",1,1,0,0,"2"
"428",1,1,0,0,"1"
"429",1,1,0,0,"1"
"430",1,1,0,0,"1"
"431",1,1,0,0,"1"
"432",1,1,0,0,"1"
"433",1,1,0,0,"1"
"434",1,1,0,0,"1"
"435",1,1,0,0,"1"
"436",1,1,0,0,"1"
"437",1,1,0,0,"1"
"438",1,1,0,0,"1"
"439",1,1,0,0,"1"
"440",1,1,0,0,"1"
"441",1,1,0,0,"1"
"442",1,1,0,0,"1"
"443",1,1,0,0,"1"
"444",1,1,0,0,"1"
"445",1,1,0,0,"1"
"446",1,1,0,0,"1"
"447",1,1,0,0,"1"
"448",1,1,0,0,"1"
"449",1,1,0,0,"1"
"450",1,1,0,0,"1"
"451",1,1,0,0,"1"
"452",1,1,0,0,"1"
"453",1,0,1,1,"2"
"454",1,0,1,1,"2"
"455",1,0,1,1,"2"
"456",1,0,1,1,"2"
"457",1,0,1,1,"2"
"458",1,0,1,1,"2"
"459",1,0,1,1,"2"
"460",1,0,1,1,"2"
"461",1,0,1,1,"2"
"462",1,0,1,1,"2"
"463",1,0,1,1,"2"
"464",1,0,1,1,"2"
"465",1,0,1,1,"2"
"466",1,0,1,1,"2"
"467",1,0,1,1,"2"
"468",1,0,1,1,"2"
"469",1,0,1,1,"2"
"470",1,0,1,1,"2"
"471",1,0,1,1,"2"
"472",1,0,1,1,"2"
"473",1,0,1,1,"2"
"474",1,0,1,1,"2"
"475",1,0,1,1,"2"
"476",1,0,1,1,"2"
"477",1,0,1,1,"2"
"478",1,0,1,1,"2"
"479",1,0,1,1,"2"
"480",1,0,1,1,"2"
"481",1,0,1,1,"2"
"482",1,0,1,1,"2"
"483",1,0,1,1,"2"
"484",1,0,1,1,"2"
"485",1,0,1,1,"2"
"486",1,0,1,1,"2"
"487",1,0,1,1,"2"
"488",1,0,1,1,"2"
"489",1,0,1,1,"2"
"490",1,0,1,1,"2"
"491",1,0,1,1,"2"
"492",1,0,1,1,"2"
"493",1,0,1,1,"2"
"494",1,0,1,1,"2"
"495",1,0,1,1,"2"
"496",1,0,1,1,"2"
"497",1,0,1,1,"2"
"498",1,0,1,1,"2"
"499",1,0,1,1,"2"
"500",1,0,1,1,"2"
"501",1,0,1,1,"2"
"502",1,0,1,1,"2"
"503",1,0,1,1,"2"
"504",1,0,1,1,"2"
"505",1,0,1,1,"2"
"506",1,0,1,1,"2"
"507",1,0,1,1,"2"
"508",1,0,1,1,"2"
"509",1,0,1,1,"2"
"510",1,0,1,1,"2"
"511",1,0,1,1,"2"
"512",1,0,1,1,"2"
"513",1,0,1,1,"2"
"514",1,0,1,1,"2"
"515",1,0,1,1,"2"
"516",1,0,1,1,"2"
"517",1,0,1,1,"2"
"518",1,0,1,1,"2"
"519",1,0,1,1,"2"
"520",1,0,1,1,"2"
"521",1,0,1,1,"2"
"522",1,0,1,1,"2"
"523",1,0,1,1,"2"
"524",1,0,1,1,"2"
"525",1,0,1,1,"2"
"526",1,0,1,1,"2"
"527",1,0,1,1,"2"
"528",1,0,1,1,"2"
"529",1,0,1,1,"2"
"530",1,0,1,1,"2"
"531",1,0,1,1,"2"
"532",1,0,1,1,"2"
"533",1,0,1,1,"2"
"534",1,0,1,1,"2"
"535",1,0,1,1,"2"
"536",1,0,1,1,"2"
"537",1,0,1,1,"2"
"538",1,0,1,1,"2"
"539",1,0,1,1,"2"
"540",1,0,1,1,"2"
"541",1,0,1,1,"2"
"542",1,0,1,1,"2"
"543",1,0,1,1,"2"
"544",1,0,1,1,"2"
"545",1,0,1,1,"2"
"546",1,0,1,1,"2"
"547",1,0,1,1,"2"
"548",1,0,1,1,"2"
"549",1,0,1,1,"2"
"550",1,0,1,1,"2"
"551",1,0,1,1,"2"
"552",1,0,1,1,"2"
"553",1,0,1,1,"2"
"554",1,0,1,1,"2"
"555",1,0,1,1,"2"
"556",1,0,1,1,"2"
"557",1,0,1,1,"2"
"558",1,0,1,1,"2"
"559",1,0,1,1,"2"
"560",1,0,1,1,"2"
"561",1,0,1,1,"2"
"562",1,0,1,1,"2"
"563",1,0,1,1,"2"
"564",1,0,1,1,"2"
"565",1,0,1,1,"2"
"566",1,0,1,1,"2"
"567",1,0,1,1,"2"
"568",1,0,1,1,"2"
"569",1,0,1,1,"2"
"570",1,0,1,1,"2"
"571",1,0,1,1,"2"
"572",1,0,1,1,"2"
"573",1,0,1,1,"2"
"574",1,0,1,1,"2"
"575",1,0,1,1,"2"
"576",1,0,1,1,"2"
"577",1,0,1,1,"2"
"578",1,0,1,1,"2"
"579",1,0,1,1,"2"
"580",1,0,1,1,"2"
"581",1,0,1,1,"2"
"582",1,0,1,1,"2"
"583",1,0,1,1,"2"
"584",1,0,1,1,"2"
"585",1,0,1,1,"2"
"586",1,0,1,1,"2"
"587",1,0,1,1,"2"
"588",1,0,1,1,"2"
"589",1,0,1,1,"2"
"590",1,0,1,1,"2"
"591",1,0,1,1,"2"
"592",1,0,1,1,"2"
"593",1,0,1,1,"2"
"594",1,0,1,1,"2"
"595",1,0,1,1,"2"
"596",1,0,1,1,"2"
"597",1,0,1,1,"2"
"598",1,0,1,1,"2"
"599",1,0,1,1,"2"
"600",1,0,1,1,"2"
"601",1,0,1,1,"2"
"602",1,0,1,1,"2"
"603",1,0,1,1,"2"
"604",1,0,1,1,"2"
"605",1,0,1,1,"2"
"606",1,0,1,1,"2"
"607",1,0,1,1,"2"
"608",1,0,1,1,"2"
"609",1,0,1,1,"2"
"610",1,0,1,1,"2"
"611",1,0,1,1,"2"
"612",1,0,1,1,"2"
"613",1,0,1,1,"2"
"614",1,0,1,1,"2"
"615",1,0,1,1,"2"
"616",1,0,1,1,"2"
"617",1,0,1,1,"2"
"618",1,0,1,1,"2"
"619",1,0,1,1,"2"
"620",1,0,1,1,"2"
"621",1,0,1,1,"2"
"622",1,0,1,1,"2"
"623",1,0,1,1,"2"
"624",1,0,1,1,"2"
"625",1,0,1,1,"2"
"626",1,0,1,1,"2"
"627",1,0,1,1,"2"
"628",1,0,1,1,"2"
"629",1,0,1,1,"2"
"630",1,0,1,1,"2"
"631",1,0,1,1,"2"
"632",1,0,1,1,"2"
"633",1,0,1,1,"2"
"634",1,0,1,1,"2"
"635",1,0,1,1,"2"
"636",1,0,1,1,"2"
"637",1,0,1,1,"2"
"638",1,0,1,1,"2"
"639",1,0,1,1,"2"
"640",1,0,1,1,"2"
"641",1,0,1,1,"2"
"642",1,0,1,1,"2"
"643",1,0,1,1,"2"
"644",1,0,1,1,"2"
"645",1,0,1,1,"2"
"646",1,0,1,1,"2"
"647",1,0,1,1,"2"
"648",1,0,1,1,"2"
"649",1,0,1,1,"2"
"650",1,0,1,1,"2"
"651",1,0,1,1,"2"
"652",1,0,1,1,"2"
"653",1,0,1,1,"2"
"654",1,0,1,1,"2"
"655",1,0,1,1,"2"
"656",1,0,1,1,"2"
"657",1,0,1,1,"2"
"658",1,0,1,1,"2"
"659",1,0,1,1,"2"
"660",1,0,1,1,"2"
"661",1,0,1,1,"2"
"662",1,0,1,1,"2"
"663",1,0,1,1,"2"
"664",1,0,1,1,"2"
"665",1,0,1,1,"2"
"666",1,0,1,1,"2"
"667",1,0,1,1,"2"
"668",1,0,1,1,"2"
"669",1,0,1,1,"2"
"670",1,0,1,1,"2"
"671",1,0,1,1,"2"
"672",1,0,1,1,"2"
"673",1,0,1,1,"2"
"674",1,0,1,1,"2"
"675",1,0,1,1,"2"
"676",1,0,1,1,"2"
"677",1,0,1,1,"2"
"678",1,0,1,1,"2"
"679",1,0,1,1,"2"
"680",1,0,1,1,"2"
"681",1,0,1,1,"2"
"682",1,0,1,1,"2"
"683",1,0,1,1,"2"
"684",1,0,1,1,"2"
"685",1,0,1,1,"2"
"686",1,0,1,1,"2"
"687",1,0,1,1,"2"
"688",1,0,1,1,"2"
"689",1,0,1,1,"2"
"690",1,0,1,1,"2"
"691",1,0,1,1,"2"
"692",1,0,1,1,"2"
"693",1,0,1,1,"2"
"694",1,0,1,1,"2"
"695",1,0,1,1,"2"
"696",1,0,1,1,"2"
"697",1,0,1,1,"2"
"698",1,0,1,1,"2"
"699",1,0,1,1,"2"
"700",1,0,1,1,"2"
"701",1,0,1,1,"2"
"702",1,0,1,1,"2"
"703",1,0,1,1,"2"
"704",1,0,1,1,"2"
"705",1,0,1,1,"2"
"706",1,0,1,1,"2"
"707",1,0,1,1,"2"
"708",1,0,1,1,"2"
"709",1,0,1,1,"2"
"710",1,0,1,1,"2"
"711",1,0,1,1,"2"
"712",1,0,1,1,"2"
"713",1,0,1,1,"2"
"714",1,0,1,1,"2"
"715",1,0,1,1,"2"
"716",1,0,1,1,"2"
"717",1,0,1,1,"2"
"718",1,0,1,1,"2"
"719",1,0,1,1,"2"
"720",1,0,1,1,"2"
"721",1,0,1,1,"2"
"722",1,0,1,1,"2"
"723",1,0,1,1,"2"
"724",1,0,1,1,"2"
"725",1,0,1,1,"2"
"726",1,0,1,1,"2"
"727",1,0,1,1,"2"
"728",1,0,1,1,"2"
"729",1,0,1,1,"2"
"730",1,0,1,1,"2"
"731",1,0,1,1,"2"
"732",1,0,1,1,"2"
"733",1,0,1,1,"2"
"734",1,0,1,1,"2"
"735",1,0,1,1,"2"
"736",1,0,1,1,"1"
"737",1,0,1,1,"1"
"738",1,0,1,1,"1"
"739",1,0,1,1,"1"
"740",1,0,1,1,"1"
"741",1,0,1,1,"1"
"742",1,0,1,1,"1"
"743",1,0,1,1,"1"
"744",1,0,1,1,"1"
"745",1,0,1,1,"1"
"746",1,0,1,1,"1"
"747",1,0,1,1,"1"
"748",1,0,1,1,"1"
"749",1,0,1,1,"1"
"750",1,0,1,1,"1"
"751",1,0,1,1,"1"
"752",1,0,1,1,"1"
"753",1,0,1,1,"1"
"754",1,0,1,1,"1"
"755",1,0,1,1,"1"
"756",1,0,1,1,"1"
"757",1,0,1,1,"1"
"758",1,0,1,1,"1"
"759",1,0,1,1,"1"
"760",1,0,1,1,"1"
"761",1,0,1,1,"1"
"762",1,0,1,1,"1"
"763",1,0,1,1,"1"
"764",1,0,1,1,"1"
"765",1,0,1,1,"1"
"766",1,0,1,1,"1"
"767",1,0,1,1,"1"
"768",1,0,1,1,"1"
"769",1,0,1,1,"1"
"770",1,0,1,1,"1"
"771",1,0,1,1,"1"
"772",1,0,1,1,"1"
"773",1,0,1,1,"1"
"774",1,0,1,1,"1"
"775",1,0,1,1,"1"
"776",1,0,1,1,"1"
"777",1,0,1,1,"1"
"778",1,0,1,1,"1"
"779",1,0,1,1,"1"
"780",1,0,1,1,"1"
"781",1,0,1,1,"1"
"782",1,0,1,1,"1"
"783",1,0,1,1,"1"
"784",1,0,1,1,"1"
"785",1,0,1,1,"1"
"786",1,0,1,1,"1"
"787",1,0,1,1,"1"
"788",1,0,1,1,"1"
"789",1,0,1,1,"1"
"790",1,0,1,1,"1"
"791",1,0,1,1,"1"
"792",1,0,1,1,"1"
"793",1,0,1,1,"1"
"794",1,0,1,1,"1"
"795",1,0,1,1,"1"
"796",1,0,1,1,"1"
"797",1,0,1,1,"1"
"798",1,0,1,1,"1"
"799",1,0,1,1,"1"
"800",1,0,1,1,"1"
"801",1,0,1,1,"1"
"802",1,0,1,1,"1"
"803",1,0,1,1,"1"
"804",1,0,1,1,"1"
"805",1,0,1,1,"1"
"806",1,0,1,1,"1"
"807",1,0,1,1,"1"
"808",1,0,1,1,"1"
"809",1,0,1,1,"1"
"810",1,0,1,1,"1"
"811",1,0,1,1,"1"
"812",1,0,1,1,"1"
"813",1,0,1,1,"1"
"814",1,0,1,1,"1"
"815",1,0,1,1,"1"
"816",1,0,1,1,"1"
"817",1,0,1,1,"1"
"818",1,0,1,1,"1"
"819",1,0,1,1,"1"
"820",1,0,1,1,"1"
"821",1,0,1,1,"1"
"822",1,0,1,1,"1"
"823",1,0,1,1,"1"
"824",1,0,1,1,"1"
"825",1,0,1,1,"1"
"826",1,0,1,1,"1"
"827",1,0,1,1,"1"
"828",1,0,1,1,"1"
"829",1,0,1,1,"1"
"830",1,0,1,1,"1"
"831",1,0,1,1,"1"
"832",1,0,1,1,"1"
"833",1,0,1,1,"1"
"834",1,0,1,1,"1"
"835",1,0,1,1,"1"
"836",1,0,1,1,"1"
"837",1,0,1,1,"1"
"838",1,0,1,1,"1"
"839",1,0,1,1,"1"
"840",1,0,1,1,"1"
"841",1,0,1,1,"1"
"842",1,0,1,1,"1"
"843",1,0,1,1,"1"
"844",1,0,1,1,"1"
"845",1,0,1,1,"1"
"846",1,0,1,1,"1"
"847",1,0,1,1,"1"
"848",1,0,1,1,"1"
"849",1,0,1,1,"1"
"850",1,0,1,1,"1"
"851",1,0,1,1,"1"
"852",1,0,1,1,"1"
"853",1,0,1,1,"1"
"854",1,0,1,1,"1"
"855",1,0,1,1,"1"
"856",1,0,1,1,"1"
"857",1,0,1,1,"1"
"858",1,0,1,1,"1"
"859",1,0,1,1,"1"
"860",1,0,1,1,"1"
"861",1,0,1,1,"1"
"862",1,0,1,1,"1"
"863",1,0,1,1,"1"
"864",1,0,1,1,"1"
"865",1,0,1,1,"1"
"866",1,0,1,1,"1"
"867",1,0,1,1,"1"
"868",1,0,1,1,"1"
"869",1,0,1,1,"1"
"870",1,0,1,1,"1"
"871",1,0,1,1,"1"
"872",1,0,1,1,"1"
"873",1,0,1,1,"1"
"874",1,0,1,1,"1"
"875",1,0,1,1,"1"
"876",1,0,1,1,"1"
"877",1,0,1,1,"1"
"878",1,0,1,1,"1"
"879",1,0,1,1,"1"
"880",1,0,1,1,"1"
"881",1,0,1,1,"1"
"882",1,0,1,1,"1"
"883",1,0,1,1,"1"
"884",1,0,1,1,"1"
"885",1,0,1,1,"1"
"886",1,0,1,1,"1"
"887",1,0,1,1,"1"
"888",1,0,1,1,"1"
"889",1,0,1,1,"1"
"890",1,0,1,1,"1"
"891",1,0,1,1,"1"
"892",1,0,1,1,"1"
"893",1,0,1,1,"1"
"894",1,0,1,1,"1"
"895",1,0,1,1,"1"
"896",1,0,1,1,"1"
"897",1,0,1,1,"1"
"898",1,0,1,1,"1"
"899",1,0,1,1,"1"
"900",1,0,1,1,"1"
"901",1,0,1,1,"1"
"902",1,0,1,1,"1"
"903",1,0,1,1,"1"
"904",1,0,1,1,"1"
"905",1,0,1,1,"1"
"906",1,0,1,1,"1"
"907",1,0,1,1,"1"
"908",1,0,1,1,"1"
"909",1,0,1,1,"1"
"910",1,0,1,1,"1"
"911",1,0,1,1,"1"
"912",1,0,1,1,"1"
"913",1,0,1,1,"1"
"914",1,0,1,1,"1"
"915",1,0,1,1,"1"
"916",1,0,1,1,"1"
"917",1,0,1,1,"1"
"918",1,0,1,1,"1"
"919",1,0,1,1,"1"
"920",1,0,1,1,"1"
"921",1,0,1,1,"1"
"922",1,0,1,1,"1"
"923",1,0,1,1,"1"
"924",1,0,1,1,"1"
"925",1,0,1,1,"1"
"926",1,0,1,1,"1"
"927",1,0,1,1,"1"
"928",1,0,1,1,"1"
"929",1,0,1,1,"1"
"930",1,0,1,1,"1"
"931",1,0,1,1,"1"
"932",1,0,1,1,"1"
"933",1,0,1,1,"1"
"934",1,0,1,1,"1"
"935",1,0,1,1,"1"
"936",1,0,1,1,"1"
"937",1,0,1,1,"1"
"938",1,0,1,1,"1"
"939",1,0,1,1,"1"
"940",1,0,1,1,"1"
"941",1,0,1,1,"1"
"942",1,0,1,1,"1"
"943",1,0,1,1,"1"
"944",1,0,1,1,"1"
"945",1,0,1,1,"1"
"946",1,0,1,1,"1"
"947",1,0,1,1,"1"
"948",1,0,1,1,"1"
"949",1,0,1,1,"1"
"950",1,0,1,1,"1"
"951",1,0,1,1,"1"
"952",1,0,1,1,"1"
"953",1,0,1,1,"1"
"954",1,0,1,1,"1"
"955",1,0,1,1,"1"
"956",1,0,1,1,"1"
"957",1,0,1,1,"1"
"958",1,0,1,1,"1"
"959",1,0,1,1,"1"
"960",1,0,1,1,"1"
"961",1,0,1,1,"1"
"962",1,0,1,1,"1"
"963",1,0,1,1,"1"
"964",1,0,1,1,"1"
"965",1,0,1,1,"1"
"966",1,0,1,1,"1"
"967",1,0,1,1,"1"
"968",1,0,1,1,"1"
"969",1,0,1,1,"1"
"970",1,0,1,1,"1"
"971",1,0,1,1,"1"
"972",1,0,1,1,"1"
"973",1,0,1,1,"1"
"974",1,0,1,1,"1"
"975",1,0,1,1,"1"
"976",1,0,1,1,"1"
"977",1,0,1,1,"1"
"978",1,0,1,1,"1"
"979",1,0,1,1,"1"
"980",1,0,1,1,"1"
"981",1,0,1,1,"1"
"982",1,0,1,1,"1"
"983",1,0,1,1,"1"
"984",1,0,1,1,"1"
"985",1,0,1,1,"1"
"986",1,0,1,1,"1"
"987",1,0,1,1,"1"
"988",1,0,1,1,"1"
"989",1,0,1,1,"1"
"990",1,0,1,1,"1"
"991",1,0,1,1,"1"
"992",1,0,1,1,"1"
"993",1,0,1,1,"1"
"994",1,0,1,1,"1"
"995",1,0,1,1,"1"
"996",1,0,1,1,"1"
"997",1,0,1,1,"1"
"998",1,0,1,1,"1"
"999",1,0,1,1,"1"
"1000",1,0,1,1,"1"
"1001",1,0,1,1,"1"
"1002",1,0,1,1,"1"
"1003",1,0,1,1,"1"
"1004",1,0,1,1,"1"
"1005",1,0,1,1,"1"
"1006",1,0,1,1,"1"
"1007",1,0,1,1,"1"
"1008",1,0,1,1,"1"
"1009",1,0,1,1,"1"
"1010",1,0,1,1,"1"
"1011",1,0,1,1,"1"
"1012",1,0,1,1,"1"
"1013",1,0,1,1,"1"
"1014",1,0,1,1,"1"
"1015",1,0,1,1,"1"
"1016",1,0,1,1,"1"
"1017",1,0,1,1,"1"
"1018",1,0,1,1,"1"
"1019",1,0,1,1,"1"
"1020",1,0,1,1,"1"
"1021",1,0,1,1,"1"
"1022",1,0,1,1,"1"
"1023",1,0,1,1,"1"
"1024",1,0,1,1,"1"
"1025",1,0,1,1,"1"
"1026",1,0,1,1,"1"
"1027",1,0,1,1,"1"
"1028",1,0,1,1,"1"
"1029",1,0,1,1,"1"
"1030",1,0,1,1,"1"
"1031",1,0,1,1,"1"
"1032",1,0,1,1,"1"
"1033",1,0,1,1,"1"
"1034",1,0,1,1,"1"
"1035",1,0,1,1,"1"
"1036",1,0,1,1,"1"
"1037",1,0,1,1,"1"
"1038",1,0,1,1,"1"
"1039",1,0,1,1,"1"
"1040",1,0,1,1,"1"
"1041",1,0,1,1,"1"
"1042",1,0,1,1,"1"
"1043",1,0,1,1,"1"
"1044",1,0,1,1,"1"
"1045",1,0,1,1,"1"
"1046",1,0,1,1,"1"
"1047",1,0,1,1,"1"
"1048",1,0,1,1,"1"
"1049",1,0,1,1,"1"
"1050",1,0,1,1,"1"
"1051",1,0,1,1,"1"
"1052",1,0,1,1,"1"
"1053",1,0,1,1,"1"
"1054",1,0,1,1,"1"
"1055",1,0,1,1,"1"
"1056",1,0,1,1,"1"
"1057",1,0,1,1,"1"
"1058",1,0,1,1,"1"
"1059",1,0,1,1,"1"
"1060",1,0,1,1,"1"
"1061",1,0,1,1,"1"
"1062",1,0,1,1,"1"
"1063",1,0,1,1,"1"
"1064",1,0,1,1,"1"
"1065",1,0,1,0,"2"
"1066",1,0,1,0,"2"
"1067",1,0,1,0,"2"
"1068",1,0,1,0,"2"
"1069",1,0,1,0,"2"
"1070",1,0,1,0,"2"
"1071",1,0,1,0,"2"
"1072",1,0,1,0,"2"
"1073",1,0,1,0,"2"
"1074",1,0,1,0,"2"
"1075",1,0,1,0,"2"
"1076",1,0,1,0,"2"
"1077",1,0,1,0,"2"
"1078",1,0,1,0,"2"
"1079",1,0,1,0,"2"
"1080",1,0,1,0,"2"
"1081",1,0,1,0,"2"
"1082",1,0,1,0,"2"
"1083",1,0,1,0,"2"
"1084",1,0,1,0,"2"
"1085",1,0,1,0,"2"
"1086",1,0,1,0,"2"
"1087",1,0,1,0,"2"
"1088",1,0,1,0,"2"
"1089",1,0,1,0,"2"
"1090",1,0,1,0,"2"
"1091",1,0,1,0,"2"
"1092",1,0,1,0,"2"
"1093",1,0,1,0,"2"
"1094",1,0,1,0,"2"
"1095",1,0,1,0,"2"
"1096",1,0,1,0,"2"
"1097",1,0,1,0,"2"
"1098",1,0,1,0,"2"
"1099",1,0,1,0,"2"
"1100",1,0,1,0,"2"
"1101",1,0,1,0,"2"
"1102",1,0,1,0,"2"
"1103",1,0,1,0,"2"
"1104",1,0,1,0,"2"
"1105",1,0,1,0,"2"
"1106",1,0,1,0,"2"
"1107",1,0,1,0,"2"
"1108",1,0,1,0,"2"
"1109",1,0,1,0,"2"
"1110",1,0,1,0,"2"
"1111",1,0,1,0,"2"
"1112",1,0,1,0,"2"
"1113",1,0,1,0,"2"
"1114",1,0,1,0,"2"
"1115",1,0,1,0,"2"
"1116",1,0,1,0,"2"
"1117",1,0,1,0,"2"
"1118",1,0,1,0,"2"
"1119",1,0,1,0,"2"
"1120",1,0,1,0,"2"
"1121",1,0,1,0,"2"
"1122",1,0,1,0,"2"
"1123",1,0,1,0,"2"
"1124",1,0,1,0,"2"
"1125",1,0,1,0,"2"
"1126",1,0,1,0,"2"
"1127",1,0,1,0,"2"
"1128",1,0,1,0,"2"
"1129",1,0,1,0,"2"
"1130",1,0,1,0,"2"
"1131",1,0,1,0,"2"
"1132",1,0,1,0,"2"
"1133",1,0,1,0,"2"
"1134",1,0,1,0,"2"
"1135",1,0,1,0,"2"
"1136",1,0,1,0,"2"
"1137",1,0,1,0,"2"
"1138",1,0,1,0,"2"
"1139",1,0,1,0,"2"
"1140",1,0,1,0,"2"
"1141",1,0,1,0,"2"
"1142",1,0,1,0,"2"
"1143",1,0,1,0,"2"
"1144",1,0,1,0,"2"
"1145",1,0,1,0,"2"
"1146",1,0,1,0,"2"
"1147",1,0,1,0,"2"
"1148",1,0,1,0,"2"
"1149",1,0,1,0,"2"
"1150",1,0,1,0,"2"
"1151",1,0,1,0,"2"
"1152",1,0,1,0,"2"
"1153",1,0,1,0,"2"
"1154",1,0,1,0,"2"
"1155",1,0,1,0,"2"
"1156",1,0,1,0,"2"
"1157",1,0,1,0,"2"
"1158",1,0,1,0,"2"
"1159",1,0,1,0,"2"
"1160",1,0,1,0,"2"
"1161",1,0,1,0,"2"
"1162",1,0,1,0,"2"
"1163",1,0,1,0,"2"
"1164",1,0,1,0,"2"
"1165",1,0,1,0,"2"
"1166",1,0,1,0,"2"
"1167",1,0,1,0,"2"
"1168",1,0,1,0,"2"
"1169",1,0,1,0,"2"
"1170",1,0,1,0,"2"
"1171",1,0,1,0,"2"
"1172",1,0,1,0,"2"
"1173",1,0,1,0,"2"
"1174",1,0,1,0,"2"
"1175",1,0,1,0,"2"
"1176",1,0,1,0,"2"
"1177",1,0,1,0,"2"
"1178",1,0,1,0,"2"
"1179",1,0,1,0,"2"
"1180",1,0,1,0,"2"
"1181",1,0,1,0,"2"
"1182",1,0,1,0,"2"
"1183",1,0,1,0,"2"
"1184",1,0,1,0,"2"
"1185",1,0,1,0,"2"
"1186",1,0,1,0,"2"
"1187",1,0,1,0,"2"
"1188",1,0,1,0,"2"
"1189",1,0,1,0,"2"
"1190",1,0,1,0,"2"
"1191",1,0,1,0,"2"
"1192",1,0,1,0,"2"
"1193",1,0,1,0,"2"
"1194",1,0,1,0,"2"
"1195",1,0,1,0,"2"
"1196",1,0,1,0,"2"
"1197",1,0,1,0,"2"
"1198",1,0,1,0,"2"
"1199",1,0,1,0,"2"
"1200",1,0,1,0,"2"
"1201",1,0,1,0,"2"
"1202",1,0,1,0,"2"
"1203",1,0,1,0,"2"
"1204",1,0,1,0,"2"
"1205",1,0,1,0,"2"
"1206",1,0,1,0,"2"
"1207",1,0,1,0,"2"
"1208",1,0,1,0,"2"
"1209",1,0,1,0,"2"
"1210",1,0,1,0,"2"
"1211",1,0,1,0,"2"
"1212",1,0,1,0,"2"
"1213",1,0,1,0,"2"
"1214",1,0,1,0,"2"
"1215",1,0,1,0,"2"
"1216",1,0,1,0,"2"
"1217",1,0,1,0,"2"
"1218",1,0,1,0,"2"
"1219",1,0,1,0,"2"
"1220",1,0,1,0,"2"
"1221",1,0,1,0,"2"
"1222",1,0,1,0,"2"
"1223",1,0,1,0,"2"
"1224",1,0,1,0,"2"
"1225",1,0,1,0,"2"
"1226",1,0,1,0,"2"
"1227",1,0,1,0,"2"
"1228",1,0,1,0,"2"
"1229",1,0,1,0,"2"
"1230",1,0,1,0,"2"
"1231",1,0,1,0,"2"
"1232",1,0,1,0,"2"
"1233",1,0,1,0,"2"
"1234",1,0,1,0,"2"
"1235",1,0,1,0,"2"
"1236",1,0,1,0,"2"
"1237",1,0,1,0,"2"
"1238",1,0,1,0,"2"
"1239",1,0,1,0,"2"
"1240",1,0,1,0,"2"
"1241",1,0,1,0,"2"
"1242",1,0,1,0,"2"
"1243",1,0,1,0,"2"
"1244",1,0,1,0,"2"
"1245",1,0,1,0,"2"
"1246",1,0,1,0,"2"
"1247",1,0,1,0,"2"
"1248",1,0,1,0,"2"
"1249",1,0,1,0,"2"
"1250",1,0,1,0,"2"
"1251",1,0,1,0,"2"
"1252",1,0,1,0,"2"
"1253",1,0,1,0,"2"
"1254",1,0,1,0,"2"
"1255",1,0,1,0,"2"
"1256",1,0,1,0,"2"
"1257",1,0,1,0,"2"
"1258",1,0,1,0,"2"
"1259",1,0,1,0,"2"
"1260",1,0,1,0,"2"
"1261",1,0,1,0,"2"
"1262",1,0,1,0,"2"
"1263",1,0,1,0,"2"
"1264",1,0,1,0,"2"
"1265",1,0,1,0,"2"
"1266",1,0,1,0,"2"
"1267",1,0,1,0,"2"
"1268",1,0,1,0,"2"
"1269",1,0,1,0,"2"
"1270",1,0,1,0,"2"
"1271",1,0,1,0,"2"
"1272",1,0,1,0,"2"
"1273",1,0,1,0,"2"
"1274",1,0,1,0,"2"
"1275",1,0,1,0,"2"
"1276",1,0,1,0,"2"
"1277",1,0,1,0,"2"
"1278",1,0,1,0,"2"
"1279",1,0,1,0,"2"
"1280",1,0,1,0,"2"
"1281",1,0,1,0,"2"
"1282",1,0,1,0,"2"
"1283",1,0,1,0,"2"
"1284",1,0,1,0,"2"
"1285",1,0,1,0,"2"
"1286",1,0,1,0,"2"
"1287",1,0,1,0,"2"
"1288",1,0,1,0,"2"
"1289",1,0,1,0,"2"
"1290",1,0,1,0,"2"
"1291",1,0,1,0,"2"
"1292",1,0,1,0,"2"
"1293",1,0,1,0,"2"
"1294",1,0,1,0,"2"
"1295",1,0,1,0,"2"
"1296",1,0,1,0,"2"
"1297",1,0,1,0,"2"
"1298",1,0,1,0,"2"
"1299",1,0,1,0,"2"
"1300",1,0,1,0,"2"
"1301",1,0,1,0,"2"
"1302",1,0,1,0,"2"
"1303",1,0,1,0,"2"
"1304",1,0,1,0,"2"
"1305",1,0,1,0,"2"
"1306",1,0,1,0,"2"
"1307",1,0,1,0,"2"
"1308",1,0,1,0,"2"
"1309",1,0,1,0,"2"
"1310",1,0,1,0,"2"
"1311",1,0,1,0,"2"
"1312",1,0,1,0,"2"
"1313",1,0,1,0,"2"
"1314",1,0,1,0,"2"
"1315",1,0,1,0,"2"
"1316",1,0,1,0,"2"
"1317",1,0,1,0,"2"
"1318",1,0,1,0,"1"
"1319",1,0,1,0,"1"
"1320",1,0,1,0,"1"
"1321",1,0,1,0,"1"
"1322",1,0,1,0,"1"
"1323",1,0,1,0,"1"
"1324",1,0,1,0,"1"
"1325",1,0,1,0,"1"
"1326",1,0,1,0,"1"
"1327",1,0,1,0,"1"
"1328",1,0,1,0,"1"
"1329",1,0,1,0,"1"
"1330",1,0,1,0,"1"
"1331",1,0,1,0,"1"
"1332",1,0,1,0,"1"
"1333",1,0,1,0,"1"
"1334",1,0,1,0,"1"
"1335",1,0,1,0,"1"
"1336",1,0,1,0,"1"
"1337",1,0,1,0,"1"
"1338",1,0,1,0,"1"
"1339",1,0,1,0,"1"
"1340",1,0,1,0,"1"
"1341",1,0,1,0,"1"
"1342",1,0,1,0,"1"
"1343",1,0,1,0,"1"
"1344",1,0,1,0,"1"
"1345",1,0,1,0,"1"
"1346",1,0,1,0,"1"
"1347",1,0,1,0,"1"
"1348",1,0,1,0,"1"
"1349",1,0,1,0,"1"
"1350",1,0,1,0,"1"
"1351",1,0,1,0,"1"
"1352",1,0,1,0,"1"
"1353",1,0,1,0,"1"
"1354",1,0,1,0,"1"
"1355",1,0,1,0,"1"
"1356",1,0,1,0,"1"
"1357",1,0,1,0,"1"
"1358",1,0,1,0,"1"
"1359",1,0,1,0,"1"
"1360",1,0,1,0,"1"
"1361",1,0,1,0,"1"
"1362",1,0,1,0,"1"
"1363",1,0,1,0,"1"
"1364",1,0,1,0,"1"
"1365",1,0,1,0,"1"
"1366",1,0,1,0,"1"
"1367",1,0,1,0,"1"
"1368",1,0,1,0,"1"
"1369",1,0,1,0,"1"
"1370",1,0,1,0,"1"
"1371",1,0,1,0,"1"
"1372",1,0,1,0,"1"
"1373",1,0,1,0,"1"
"1374",1,0,1,0,"1"
"1375",1,0,1,0,"1"
"1376",1,0,1,0,"1"
"1377",1,0,1,0,"1"
"1378",1,0,1,0,"1"
"1379",1,0,1,0,"1"
"1380",1,0,1,0,"1"
"1381",1,0,1,0,"1"
"1382",1,0,1,0,"1"
"1383",1,0,1,0,"1"
"1384",1,0,1,0,"1"
"1385",1,0,1,0,"1"
"1386",1,0,1,0,"1"
"1387",1,0,1,0,"1"
"1388",1,0,1,0,"1"
"1389",1,0,1,0,"1"
"1390",1,0,1,0,"1"
"1391",1,0,1,0,"1"
"1392",1,0,1,0,"1"
"1393",1,0,1,0,"1"
"1394",1,0,1,0,"1"
"1395",1,0,1,0,"1"
"1396",1,0,1,0,"1"
"1397",1,0,1,0,"1"
"1398",1,0,1,0,"1"
"1399",1,0,1,0,"1"
"1400",1,0,1,0,"1"
"1401",1,0,1,0,"1"
"1402",1,0,1,0,"1"
"1403",1,0,1,0,"1"
"1404",1,0,1,0,"1"
"1405",1,0,1,0,"1"
"1406",1,0,1,0,"1"
"1407",1,0,1,0,"1"
"1408",1,0,1,0,"1"
"1409",1,0,1,0,"1"
"1410",1,0,1,0,"1"
"1411",1,0,1,0,"1"
"1412",1,0,1,0,"1"
"1413",1,0,1,0,"1"
"1414",1,0,1,0,"1"
"1415",1,0,1,0,"1"
"1416",1,0,1,0,"1"
"1417",1,0,1,0,"1"
"1418",1,0,1,0,"1"
"1419",1,0,1,0,"1"
"1420",1,0,1,0,"1"
"1421",1,0,1,0,"1"
"1422",1,0,1,0,"1"
"1423",1,0,1,0,"1"
"1424",1,0,1,0,"1"
"1425",1,0,1,0,"1"
"1426",1,0,1,0,"1"
"1427",1,0,1,0,"1"
"1428",1,0,1,0,"1"
"1429",1,0,1,0,"1"
"1430",1,0,1,0,"1"
"1431",1,0,1,0,"1"
"1432",1,0,1,0,"1"
"1433",1,0,1,0,"1"
"1434",1,0,1,0,"1"
"1435",1,0,1,0,"1"
"1436",1,0,1,0,"1"
"1437",1,0,1,0,"1"
"1438",1,0,1,0,"1"
"1439",1,0,1,0,"1"
"1440",1,0,1,0,"1"
"1441",1,0,1,0,"1"
"1442",1,0,1,0,"1"
"1443",1,0,1,0,"1"
"1444",1,0,1,0,"1"
"1445",1,0,1,0,"1"
"1446",1,0,1,0,"1"
"1447",1,0,1,0,"1"
"1448",1,0,1,0,"1"
"1449",1,0,1,0,"1"
"1450",1,0,1,0,"1"
"1451",1,0,1,0,"1"
"1452",1,0,1,0,"1"
"1453",1,0,1,0,"1"
"1454",1,0,1,0,"1"
"1455",1,0,1,0,"1"
"1456",1,0,1,0,"1"
"1457",1,0,1,0,"1"
"1458",1,0,1,0,"1"
"1459",1,0,1,0,"1"
"1460",1,0,1,0,"1"
"1461",1,0,1,0,"1"
"1462",1,0,1,0,"1"
"1463",1,0,1,0,"1"
"1464",1,0,1,0,"1"
"1465",1,0,1,0,"1"
"1466",1,0,1,0,"1"
"1467",1,0,1,0,"1"
"1468",1,0,1,0,"1"
"1469",1,0,1,0,"1"
"1470",1,0,1,0,"1"
"1471",1,0,1,0,"1"
"1472",1,0,1,0,"1"
"1473",1,0,1,0,"1"
"1474",1,0,1,0,"1"
"1475",1,0,1,0,"1"
"1476",1,0,1,0,"1"
"1477",1,0,1,0,"1"
"1478",1,0,1,0,"1"
"1479",1,0,1,0,"1"
"1480",1,0,1,0,"1"
"1481",1,0,1,0,"1"
"1482",1,0,1,0,"1"
"1483",1,0,1,0,"1"
"1484",1,0,1,0,"1"
"1485",1,0,1,0,"1"
"1486",1,0,1,0,"1"
"1487",1,0,1,0,"1"
"1488",1,0,1,0,"1"
"1489",1,0,1,0,"1"
"1490",1,0,1,0,"1"
"1491",1,0,1,0,"1"
"1492",1,0,1,0,"1"
"1493",1,0,1,0,"1"
"1494",1,0,1,0,"1"
"1495",1,0,1,0,"1"
"1496",1,0,1,0,"1"
"1497",1,0,1,0,"1"
"1498",1,0,1,0,"1"
"1499",1,0,1,0,"1"
"1500",1,0,1,0,"1"
"1501",1,0,1,0,"1"
"1502",1,0,1,0,"1"
"1503",1,0,1,0,"1"
"1504",1,0,1,0,"1"
"1505",1,0,1,0,"1"
"1506",1,0,1,0,"1"
"1507",1,0,1,0,"1"
"1508",1,0,1,0,"1"
"1509",1,0,1,0,"1"
"1510",1,0,1,0,"1"
"1511",1,0,1,0,"1"
"1512",1,0,1,0,"1"
"1513",1,0,1,0,"1"
"1514",1,0,1,0,"1"
"1515",1,0,1,0,"1"
"1516",1,0,1,0,"1"
"1517",1,0,1,0,"1"
"1518",1,0,1,0,"1"
"1519",1,0,1,0,"1"
"1520",1,0,1,0,"1"
"1521",1,0,1,0,"1"
"1522",1,0,1,0,"1"
"1523",1,0,1,0,"1"
"1524",1,0,1,0,"1"
"1525",1,0,1,0,"1"
"1526",1,0,1,0,"1"
"1527",1,0,1,0,"1"
"1528",1,0,1,0,"1"
"1529",1,0,1,0,"1"
"1530",1,0,1,0,"1"
"1531",1,0,1,0,"1"
"1532",1,0,1,0,"1"
"1533",1,0,1,0,"1"
"1534",1,0,1,0,"1"
"1535",1,0,1,0,"1"
"1536",1,0,1,0,"1"
"1537",1,0,1,0,"1"
"1538",1,0,1,0,"1"
"1539",1,0,1,0,"1"
"1540",1,0,1,0,"1"
"1541",1,0,1,0,"1"
"1542",1,0,1,0,"1"
"1543",1,0,1,0,"1"
"1544",1,0,1,0,"1"
"1545",1,0,1,0,"1"
"1546",1,0,1,0,"1"
"1547",1,0,1,0,"1"
"1548",1,0,1,0,"1"
"1549",1,0,1,0,"1"
"1550",1,0,1,0,"1"
"1551",1,0,1,0,"1"
"1552",1,0,1,0,"1"
"1553",1,0,1,0,"1"
"1554",1,0,1,0,"1"
"1555",1,0,1,0,"1"
"1556",1,0,1,0,"1"
"1557",1,0,1,0,"1"
"1558",1,0,1,0,"1"
"1559",1,0,1,0,"1"
"1560",1,0,1,0,"1"
"1561",1,0,1,0,"1"
"1562",1,0,1,0,"1"
"1563",1,0,1,0,"1"
"1564",1,0,1,0,"1"
"1565",1,0,0,1,"2"
"1566",1,0,0,1,"2"
"1567",1,0,0,1,"2"
"1568",1,0,0,1,"2"
"1569",1,0,0,1,"2"
"1570",1,0,0,1,"2"
"1571",1,0,0,1,"2"
"1572",1,0,0,1,"2"
"1573",1,0,0,1,"2"
"1574",1,0,0,1,"2"
"1575",1,0,0,1,"2"
"1576",1,0,0,1,"2"
"1577",1,0,0,1,"2"
"1578",1,0,0,1,"2"
"1579",1,0,0,1,"2"
"1580",1,0,0,1,"2"
"1581",1,0,0,1,"2"
"1582",1,0,0,1,"2"
"1583",1,0,0,1,"2"
"1584",1,0,0,1,"2"
"1585",1,0,0,1,"2"
"1586",1,0,0,1,"2"
"1587",1,0,0,1,"2"
"1588",1,0,0,1,"2"
"1589",1,0,0,1,"2"
"1590",1,0,0,1,"2"
"1591",1,0,0,1,"2"
"1592",1,0,0,1,"2"
"1593",1,0,0,1,"2"
"1594",1,0,0,1,"2"
"1595",1,0,0,1,"2"
"1596",1,0,0,1,"2"
"1597",1,0,0,1,"2"
"1598",1,0,0,1,"2"
"1599",1,0,0,1,"2"
"1600",1,0,0,1,"2"
"1601",1,0,0,1,"2"
"1602",1,0,0,1,"2"
"1603",1,0,0,1,"2"
"1604",1,0,0,1,"2"
"1605",1,0,0,1,"2"
"1606",1,0,0,1,"2"
"1607",1,0,0,1,"2"
"1608",1,0,0,1,"2"
"1609",1,0,0,1,"2"
"1610",1,0,0,1,"2"
"1611",1,0,0,1,"2"
"1612",1,0,0,1,"2"
"1613",1,0,0,1,"2"
"1614",1,0,0,1,"2"
"1615",1,0,0,1,"2"
"1616",1,0,0,1,"2"
"1617",1,0,0,1,"2"
"1618",1,0,0,1,"2"
"1619",1,0,0,1,"2"
"1620",1,0,0,1,"2"
"1621",1,0,0,1,"2"
"1622",1,0,0,1,"2"
"1623",1,0,0,1,"2"
"1624",1,0,0,1,"2"
"1625",1,0,0,1,"2"
"1626",1,0,0,1,"2"
"1627",1,0,0,1,"2"
"1628",1,0,0,1,"2"
"1629",1,0,0,1,"2"
"1630",1,0,0,1,"2"
"1631",1,0,0,1,"2"
"1632",1,0,0,1,"2"
"1633",1,0,0,1,"2"
"1634",1,0,0,1,"2"
"1635",1,0,0,1,"2"
"1636",1,0,0,1,"2"
"1637",1,0,0,1,"2"
"1638",1,0,0,1,"2"
"1639",1,0,0,1,"2"
"1640",1,0,0,1,"2"
"1641",1,0,0,1,"2"
"1642",1,0,0,1,"2"
"1643",1,0,0,1,"2"
"1644",1,0,0,1,"2"
"1645",1,0,0,1,"2"
"1646",1,0,0,1,"2"
"1647",1,0,0,1,"2"
"1648",1,0,0,1,"2"
"1649",1,0,0,1,"2"
"1650",1,0,0,1,"2"
"1651",1,0,0,1,"2"
"1652",1,0,0,1,"2"
"1653",1,0,0,1,"2"
"1654",1,0,0,1,"2"
"1655",1,0,0,1,"2"
"1656",1,0,0,1,"2"
"1657",1,0,0,1,"2"
"1658",1,0,0,1,"2"
"1659",1,0,0,1,"2"
"1660",1,0,0,1,"2"
"1661",1,0,0,1,"2"
"1662",1,0,0,1,"2"
"1663",1,0,0,1,"2"
"1664",1,0,0,1,"2"
"1665",1,0,0,1,"2"
"1666",1,0,0,1,"2"
"1667",1,0,0,1,"2"
"1668",1,0,0,1,"2"
"1669",1,0,0,1,"2"
"1670",1,0,0,1,"2"
"1671",1,0,0,1,"2"
"1672",1,0,0,1,"2"
"1673",1,0,0,1,"2"
"1674",1,0,0,1,"2"
"1675",1,0,0,1,"2"
"1676",1,0,0,1,"2"
"1677",1,0,0,1,"2"
"1678",1,0,0,1,"2"
"1679",1,0,0,1,"2"
"1680",1,0,0,1,"2"
"1681",1,0,0,1,"2"
"1682",1,0,0,1,"2"
"1683",1,0,0,1,"2"
"1684",1,0,0,1,"2"
"1685",1,0,0,1,"2"
"1686",1,0,0,1,"2"
"1687",1,0,0,1,"2"
"1688",1,0,0,1,"2"
"1689",1,0,0,1,"2"
"1690",1,0,0,1,"2"
"1691",1,0,0,1,"2"
"1692",1,0,0,1,"2"
"1693",1,0,0,1,"2"
"1694",1,0,0,1,"2"
"1695",1,0,0,1,"2"
"1696",1,0,0,1,"2"
"1697",1,0,0,1,"2"
"1698",1,0,0,1,"2"
"1699",1,0,0,1,"2"
"1700",1,0,0,1,"2"
"1701",1,0,0,1,"2"
"1702",1,0,0,1,"2"
"1703",1,0,0,1,"2"
"1704",1,0,0,1,"2"
"1705",1,0,0,1,"2"
"1706",1,0,0,1,"2"
"1707",1,0,0,1,"2"
"1708",1,0,0,1,"2"
"1709",1,0,0,1,"2"
"1710",1,0,0,1,"2"
"1711",1,0,0,1,"2"
"1712",1,0,0,1,"2"
"1713",1,0,0,1,"2"
"1714",1,0,0,1,"2"
"1715",1,0,0,1,"2"
"1716",1,0,0,1,"2"
"1717",1,0,0,1,"2"
"1718",1,0,0,1,"2"
"1719",1,0,0,1,"2"
"1720",1,0,0,1,"2"
"1721",1,0,0,1,"2"
"1722",1,0,0,1,"2"
"1723",1,0,0,1,"2"
"1724",1,0,0,1,"2"
"1725",1,0,0,1,"2"
"1726",1,0,0,1,"2"
"1727",1,0,0,1,"2"
"1728",1,0,0,1,"2"
"1729",1,0,0,1,"2"
"1730",1,0,0,1,"2"
"1731",1,0,0,1,"2"
"1732",1,0,0,1,"2"
"1733",1,0,0,1,"2"
"1734",1,0,0,1,"2"
"1735",1,0,0,1,"2"
"1736",1,0,0,1,"2"
"1737",1,0,0,1,"2"
"1738",1,0,0,1,"2"
"1739",1,0,0,1,"2"
"1740",1,0,0,1,"2"
"1741",1,0,0,1,"2"
"1742",1,0,0,1,"2"
"1743",1,0,0,1,"2"
"1744",1,0,0,1,"2"
"1745",1,0,0,1,"2"
"1746",1,0,0,1,"2"
"1747",1,0,0,1,"2"
"1748",1,0,0,1,"2"
"1749",1,0,0,1,"2"
"1750",1,0,0,1,"2"
"1751",1,0,0,1,"2"
"1752",1,0,0,1,"2"
"1753",1,0,0,1,"2"
"1754",1,0,0,1,"2"
"1755",1,0,0,1,"2"
"1756",1,0,0,1,"2"
"1757",1,0,0,1,"2"
"1758",1,0,0,1,"2"
"1759",1,0,0,1,"2"
"1760",1,0,0,1,"2"
"1761",1,0,0,1,"2"
"1762",1,0,0,1,"2"
"1763",1,0,0,1,"2"
"1764",1,0,0,1,"2"
"1765",1,0,0,1,"1"
"1766",1,0,0,1,"1"
"1767",1,0,0,1,"1"
"1768",1,0,0,1,"1"
"1769",1,0,0,1,"1"
"1770",1,0,0,1,"1"
"1771",1,0,0,1,"1"
"1772",1,0,0,1,"1"
"1773",1,0,0,1,"1"
"1774",1,0,0,1,"1"
"1775",1,0,0,1,"1"
"1776",1,0,0,1,"1"
"1777",1,0,0,1,"1"
"1778",1,0,0,1,"1"
"1779",1,0,0,1,"1"
"1780",1,0,0,1,"1"
"1781",1,0,0,1,"1"
"1782",1,0,0,1,"1"
"1783",1,0,0,1,"1"
"1784",1,0,0,1,"1"
"1785",1,0,0,1,"1"
"1786",1,0,0,1,"1"
"1787",1,0,0,1,"1"
"1788",1,0,0,1,"1"
"1789",1,0,0,1,"1"
"1790",1,0,0,1,"1"
"1791",1,0,0,1,"1"
"1792",1,0,0,1,"1"
"1793",1,0,0,1,"1"
"1794",1,0,0,1,"1"
"1795",1,0,0,1,"1"
"1796",1,0,0,1,"1"
"1797",1,0,0,1,"1"
"1798",1,0,0,1,"1"
"1799",1,0,0,1,"1"
"1800",1,0,0,1,"1"
"1801",1,0,0,1,"1"
"1802",1,0,0,1,"1"
"1803",1,0,0,1,"1"
"1804",1,0,0,1,"1"
"1805",1,0,0,1,"1"
"1806",1,0,0,1,"1"
"1807",1,0,0,1,"1"
"1808",1,0,0,1,"1"
"1809",1,0,0,1,"1"
"1810",1,0,0,1,"1"
"1811",1,0,0,1,"1"
"1812",1,0,0,1,"1"
"1813",1,0,0,1,"1"
"1814",1,0,0,1,"1"
"1815",1,0,0,1,"1"
"1816",1,0,0,1,"1"
"1817",1,0,0,1,"1"
"1818",1,0,0,1,"1"
"1819",1,0,0,1,"1"
"1820",1,0,0,1,"1"
"1821",1,0,0,1,"1"
"1822",1,0,0,1,"1"
"1823",1,0,0,1,"1"
"1824",1,0,0,1,"1"
"1825",1,0,0,1,"1"
"1826",1,0,0,1,"1"
"1827",1,0,0,1,"1"
"1828",1,0,0,1,"1"
"1829",1,0,0,1,"1"
"1830",1,0,0,1,"1"
"1831",1,0,0,1,"1"
"1832",1,0,0,1,"1"
"1833",1,0,0,1,"1"
"1834",1,0,0,1,"1"
"1835",1,0,0,1,"1"
"1836",1,0,0,1,"1"
"1837",1,0,0,1,"1"
"1838",1,0,0,1,"1"
"1839",1,0,0,1,"1"
"1840",1,0,0,1,"1"
"1841",1,0,0,1,"1"
"1842",1,0,0,1,"1"
"1843",1,0,0,1,"1"
"1844",1,0,0,1,"1"
"1845",1,0,0,1,"1"
"1846",1,0,0,1,"1"
"1847",1,0,0,1,"1"
"1848",1,0,0,1,"1"
"1849",1,0,0,1,"1"
"1850",1,0,0,1,"1"
"1851",1,0,0,1,"1"
"1852",1,0,0,1,"1"
"1853",1,0,0,1,"1"
"1854",1,0,0,1,"1"
"1855",1,0,0,1,"1"
"1856",1,0,0,1,"1"
"1857",1,0,0,1,"1"
"1858",1,0,0,1,"1"
"1859",1,0,0,1,"1"
"1860",1,0,0,1,"1"
"1861",1,0,0,1,"1"
"1862",1,0,0,1,"1"
"1863",1,0,0,1,"1"
"1864",1,0,0,1,"1"
"1865",1,0,0,1,"1"
"1866",1,0,0,1,"1"
"1867",1,0,0,1,"1"
"1868",1,0,0,1,"1"
"1869",1,0,0,1,"1"
"1870",1,0,0,1,"1"
"1871",1,0,0,1,"1"
"1872",1,0,0,1,"1"
"1873",1,0,0,1,"1"
"1874",1,0,0,1,"1"
"1875",1,0,0,1,"1"
"1876",1,0,0,1,"1"
"1877",1,0,0,1,"1"
"1878",1,0,0,1,"1"
"1879",1,0,0,1,"1"
"1880",1,0,0,1,"1"
"1881",1,0,0,1,"1"
"1882",1,0,0,1,"1"
"1883",1,0,0,1,"1"
"1884",1,0,0,1,"1"
"1885",1,0,0,1,"1"
"1886",1,0,0,1,"1"
"1887",1,0,0,1,"1"
"1888",1,0,0,1,"1"
"1889",1,0,0,1,"1"
"1890",1,0,0,1,"1"
"1891",1,0,0,1,"1"
"1892",1,0,0,1,"1"
"1893",1,0,0,1,"1"
"1894",1,0,0,1,"1"
"1895",1,0,0,1,"1"
"1896",1,0,0,1,"1"
"1897",1,0,0,1,"1"
"1898",1,0,0,1,"1"
"1899",1,0,0,1,"1"
"1900",1,0,0,1,"1"
"1901",1,0,0,1,"1"
"1902",1,0,0,1,"1"
"1903",1,0,0,1,"1"
"1904",1,0,0,1,"1"
"1905",1,0,0,1,"1"
"1906",1,0,0,1,"1"
"1907",1,0,0,1,"1"
"1908",1,0,0,1,"1"
"1909",1,0,0,1,"1"
"1910",1,0,0,1,"1"
"1911",1,0,0,1,"1"
"1912",1,0,0,1,"1"
"1913",1,0,0,1,"1"
"1914",1,0,0,1,"1"
"1915",1,0,0,1,"1"
"1916",1,0,0,1,"1"
"1917",1,0,0,1,"1"
"1918",1,0,0,1,"1"
"1919",1,0,0,1,"1"
"1920",1,0,0,1,"1"
"1921",1,0,0,1,"1"
"1922",1,0,0,1,"1"
"1923",1,0,0,1,"1"
"1924",1,0,0,1,"1"
"1925",1,0,0,1,"1"
"1926",1,0,0,1,"1"
"1927",1,0,0,1,"1"
"1928",1,0,0,1,"1"
"1929",1,0,0,1,"1"
"1930",1,0,0,1,"1"
"1931",1,0,0,1,"1"
"1932",1,0,0,1,"1"
"1933",1,0,0,1,"1"
"1934",1,0,0,1,"1"
"1935",1,0,0,1,"1"
"1936",1,0,0,1,"1"
"1937",1,0,0,0,"2"
"1938",1,0,0,0,"2"
"1939",1,0,0,0,"2"
"1940",1,0,0,0,"2"
"1941",1,0,0,0,"2"
"1942",1,0,0,0,"2"
"1943",1,0,0,0,"2"
"1944",1,0,0,0,"2"
"1945",1,0,0,0,"2"
"1946",1,0,0,0,"2"
"1947",1,0,0,0,"2"
"1948",1,0,0,0,"2"
"1949",1,0,0,0,"2"
"1950",1,0,0,0,"2"
"1951",1,0,0,0,"2"
"1952",1,0,0,0,"2"
"1953",1,0,0,0,"2"
"1954",1,0,0,0,"2"
"1955",1,0,0,0,"2"
"1956",1,0,0,0,"2"
"1957",1,0,0,0,"2"
"1958",1,0,0,0,"2"
"1959",1,0,0,0,"2"
"1960",1,0,0,0,"2"
"1961",1,0,0,0,"2"
"1962",1,0,0,0,"2"
"1963",1,0,0,0,"2"
"1964",1,0,0,0,"2"
"1965",1,0,0,0,"2"
"1966",1,0,0,0,"2"
"1967",1,0,0,0,"2"
"1968",1,0,0,0,"2"
"1969",1,0,0,0,"2"
"1970",1,0,0,0,"2"
"1971",1,0,0,0,"2"
"1972",1,0,0,0,"2"
"1973",1,0,0,0,"2"
"1974",1,0,0,0,"2"
"1975",1,0,0,0,"2"
"1976",1,0,0,0,"2"
"1977",1,0,0,0,"2"
"1978",1,0,0,0,"2"
"1979",1,0,0,0,"2"
"1980",1,0,0,0,"2"
"1981",1,0,0,0,"2"
"1982",1,0,0,0,"2"
"1983",1,0,0,0,"2"
"1984",1,0,0,0,"2"
"1985",1,0,0,0,"2"
"1986",1,0,0,0,"2"
"1987",1,0,0,0,"2"
"1988",1,0,0,0,"2"
"1989",1,0,0,0,"2"
"1990",1,0,0,0,"2"
"1991",1,0,0,0,"2"
"1992",1,0,0,0,"2"
"1993",1,0,0,0,"2"
"1994",1,0,0,0,"2"
"1995",1,0,0,0,"2"
"1996",1,0,0,0,"2"
"1997",1,0,0,0,"2"
"1998",1,0,0,0,"2"
"1999",1,0,0,0,"2"
"2000",1,0,0,0,"2"
"2001",1,0,0,0,"2"
"2002",1,0,0,0,"2"
"2003",1,0,0,0,"2"
"2004",1,0,0,0,"2"
"2005",1,0,0,0,"2"
"2006",1,0,0,0,"2"
"2007",1,0,0,0,"2"
"2008",1,0,0,0,"2"
"2009",1,0,0,0,"2"
"2010",1,0,0,0,"2"
"2011",1,0,0,0,"2"
"2012",1,0,0,0,"2"
"2013",1,0,0,0,"2"
"2014",1,0,0,0,"2"
"2015",1,0,0,0,"2"
"2016",1,0,0,0,"2"
"2017",1,0,0,0,"2"
"2018",1,0,0,0,"2"
"2019",1,0,0,0,"2"
"2020",1,0,0,0,"2"
"2021",1,0,0,0,"2"
"2022",1,0,0,0,"2"
"2023",1,0,0,0,"2"
"2024",1,0,0,0,"2"
"2025",1,0,0,0,"2"
"2026",1,0,0,0,"2"
"2027",1,0,0,0,"2"
"2028",1,0,0,0,"2"
"2029",1,0,0,0,"2"
"2030",1,0,0,0,"2"
"2031",1,0,0,0,"2"
"2032",1,0,0,0,"2"
"2033",1,0,0,0,"2"
"2034",1,0,0,0,"2"
"2035",1,0,0,0,"2"
"2036",1,0,0,0,"2"
"2037",1,0,0,0,"2"
"2038",1,0,0,0,"2"
"2039",1,0,0,0,"2"
"2040",1,0,0,0,"2"
"2041",1,0,0,0,"2"
"2042",1,0,0,0,"2"
"2043",1,0,0,0,"2"
"2044",1,0,0,0,"2"
"2045",1,0,0,0,"2"
"2046",1,0,0,0,"2"
"2047",1,0,0,0,"2"
"2048",1,0,0,0,"2"
"2049",1,0,0,0,"2"
"2050",1,0,0,0,"2"
"2051",1,0,0,0,"2"
"2052",1,0,0,0,"2"
"2053",1,0,0,0,"2"
"2054",1,0,0,0,"2"
"2055",1,0,0,0,"2"
"2056",1,0,0,0,"2"
"2057",1,0,0,0,"2"
"2058",1,0,0,0,"2"
"2059",1,0,0,0,"2"
"2060",1,0,0,0,"2"
"2061",1,0,0,0,"2"
"2062",1,0,0,0,"2"
"2063",1,0,0,0,"2"
"2064",1,0,0,0,"2"
"2065",1,0,0,0,"2"
"2066",1,0,0,0,"2"
"2067",1,0,0,0,"2"
"2068",1,0,0,0,"2"
"2069",1,0,0,0,"2"
"2070",1,0,0,0,"2"
"2071",1,0,0,0,"2"
"2072",1,0,0,0,"2"
"2073",1,0,0,0,"2"
"2074",1,0,0,0,"2"
"2075",1,0,0,0,"2"
"2076",1,0,0,0,"2"
"2077",1,0,0,0,"2"
"2078",1,0,0,0,"2"
"2079",1,0,0,0,"2"
"2080",1,0,0,0,"2"
"2081",1,0,0,0,"2"
"2082",1,0,0,0,"2"
"2083",1,0,0,0,"2"
"2084",1,0,0,0,"2"
"2085",1,0,0,0,"2"
"2086",1,0,0,0,"2"
"2087",1,0,0,0,"2"
"2088",1,0,0,0,"2"
"2089",1,0,0,0,"2"
"2090",1,0,0,0,"2"
"2091",1,0,0,0,"2"
"2092",1,0,0,0,"2"
"2093",1,0,0,0,"2"
"2094",1,0,0,0,"2"
"2095",1,0,0,0,"2"
"2096",1,0,0,0,"2"
"2097",1,0,0,0,"2"
"2098",1,0,0,0,"2"
"2099",1,0,0,0,"2"
"2100",1,0,0,0,"2"
"2101",1,0,0,0,"2"
"2102",1,0,0,0,"2"
"2103",1,0,0,0,"2"
"2104",1,0,0,0,"2"
"2105",1,0,0,0,"2"
"2106",1,0,0,0,"2"
"2107",1,0,0,0,"2"
"2108",1,0,0,0,"2"
"2109",1,0,0,0,"2"
"2110",1,0,0,0,"2"
"2111",1,0,0,0,"2"
"2112",1,0,0,0,"2"
"2113",1,0,0,0,"2"
"2114",1,0,0,0,"2"
"2115",1,0,0,0,"2"
"2116",1,0,0,0,"2"
"2117",1,0,0,0,"2"
"2118",1,0,0,0,"2"
"2119",1,0,0,0,"2"
"2120",1,0,0,0,"2"
"2121",1,0,0,0,"2"
"2122",1,0,0,0,"2"
"2123",1,0,0,0,"2"
"2124",1,0,0,0,"2"
"2125",1,0,0,0,"2"
"2126",1,0,0,0,"2"
"2127",1,0,0,0,"2"
"2128",1,0,0,0,"2"
"2129",1,0,0,0,"2"
"2130",1,0,0,0,"2"
"2131",1,0,0,0,"2"
"2132",1,0,0,0,"2"
"2133",1,0,0,0,"2"
"2134",1,0,0,0,"2"
"2135",1,0,0,0,"2"
"2136",1,0,0,0,"2"
"2137",1,0,0,0,"2"
"2138",1,0,0,0,"2"
"2139",1,0,0,0,"2"
"2140",1,0,0,0,"2"
"2141",1,0,0,0,"2"
"2142",1,0,0,0,"2"
"2143",1,0,0,0,"2"
"2144",1,0,0,0,"2"
"2145",1,0,0,0,"2"
"2146",1,0,0,0,"2"
"2147",1,0,0,0,"2"
"2148",1,0,0,0,"2"
"2149",1,0,0,0,"2"
"2150",1,0,0,0,"2"
"2151",1,0,0,0,"2"
"2152",1,0,0,0,"2"
"2153",1,0,0,0,"2"
"2154",1,0,0,0,"2"
"2155",1,0,0,0,"2"
"2156",1,0,0,0,"2"
"2157",1,0,0,0,"2"
"2158",1,0,0,0,"2"
"2159",1,0,0,0,"2"
"2160",1,0,0,0,"2"
"2161",1,0,0,0,"2"
"2162",1,0,0,0,"2"
"2163",1,0,0,0,"2"
"2164",1,0,0,0,"2"
"2165",1,0,0,0,"2"
"2166",1,0,0,0,"2"
"2167",1,0,0,0,"2"
"2168",1,0,0,0,"2"
"2169",1,0,0,0,"2"
"2170",1,0,0,0,"2"
"2171",1,0,0,0,"2"
"2172",1,0,0,0,"2"
"2173",1,0,0,0,"2"
"2174",1,0,0,0,"2"
"2175",1,0,0,0,"2"
"2176",1,0,0,0,"2"
"2177",1,0,0,0,"2"
"2178",1,0,0,0,"2"
"2179",1,0,0,0,"2"
"2180",1,0,0,0,"2"
"2181",1,0,0,0,"2"
"2182",1,0,0,0,"2"
"2183",1,0,0,0,"2"
"2184",1,0,0,0,"2"
"2185",1,0,0,0,"2"
"2186",1,0,0,0,"2"
"2187",1,0,0,0,"2"
"2188",1,0,0,0,"2"
"2189",1,0,0,0,"2"
"2190",1,0,0,0,"2"
"2191",1,0,0,0,"2"
"2192",1,0,0,0,"2"
"2193",1,0,0,0,"2"
"2194",1,0,0,0,"2"
"2195",1,0,0,0,"2"
"2196",1,0,0,0,"2"
"2197",1,0,0,0,"2"
"2198",1,0,0,0,"2"
"2199",1,0,0,0,"2"
"2200",1,0,0,0,"2"
"2201",1,0,0,0,"2"
"2202",1,0,0,0,"2"
"2203",1,0,0,0,"2"
"2204",1,0,0,0,"2"
"2205",1,0,0,0,"2"
"2206",1,0,0,0,"2"
"2207",1,0,0,0,"2"
"2208",1,0,0,0,"2"
"2209",1,0,0,0,"2"
"2210",1,0,0,0,"2"
"2211",1,0,0,0,"2"
"2212",1,0,0,0,"2"
"2213",1,0,0,0,"2"
"2214",1,0,0,0,"2"
"2215",1,0,0,0,"2"
"2216",1,0,0,0,"2"
"2217",1,0,0,0,"2"
"2218",1,0,0,0,"2"
"2219",1,0,0,0,"2"
"2220",1,0,0,0,"2"
"2221",1,0,0,0,"2"
"2222",1,0,0,0,"2"
"2223",1,0,0,0,"2"
"2224",1,0,0,0,"2"
"2225",1,0,0,0,"2"
"2226",1,0,0,0,"2"
"2227",1,0,0,0,"2"
"2228",1,0,0,0,"2"
"2229",1,0,0,0,"2"
"2230",1,0,0,0,"2"
"2231",1,0,0,0,"2"
"2232",1,0,0,0,"2"
"2233",1,0,0,0,"2"
"2234",1,0,0,0,"2"
"2235",1,0,0,0,"2"
"2236",1,0,0,0,"2"
"2237",1,0,0,0,"2"
"2238",1,0,0,0,"2"
"2239",1,0,0,0,"2"
"2240",1,0,0,0,"2"
"2241",1,0,0,0,"2"
"2242",1,0,0,0,"1"
"2243",1,0,0,0,"1"
"2244",1,0,0,0,"1"
"2245",1,0,0,0,"1"
"2246",1,0,0,0,"1"
"2247",1,0,0,0,"1"
"2248",1,0,0,0,"1"
"2249",1,0,0,0,"1"
"2250",1,0,0,0,"1"
"2251",1,0,0,0,"1"
"2252",1,0,0,0,"1"
"2253",1,0,0,0,"1"
"2254",1,0,0,0,"1"
"2255",1,0,0,0,"1"
"2256",1,0,0,0,"1"
"2257",1,0,0,0,"1"
"2258",1,0,0,0,"1"
"2259",1,0,0,0,"1"
"2260",1,0,0,0,"1"
"2261",1,0,0,0,"1"
"2262",1,0,0,0,"1"
"2263",1,0,0,0,"1"
"2264",1,0,0,0,"1"
"2265",1,0,0,0,"1"
"2266",1,0,0,0,"1"
"2267",1,0,0,0,"1"
"2268",1,0,0,0,"1"
"2269",1,0,0,0,"1"
"2270",1,0,0,0,"1"
"2271",1,0,0,0,"1"
"2272",1,0,0,0,"1"
"2273",1,0,0,0,"1"
"2274",1,0,0,0,"1"
"2275",1,0,0,0,"1"
"2276",1,0,0,0,"1"
"2277",1,0,0,0,"1"
"2278",1,0,0,0,"1"
"2279",1,0,0,0,"1"
"2280",1,0,0,0,"1"
"2281",1,0,0,0,"1"
"2282",1,0,0,0,"1"
"2283",1,0,0,0,"1"
"2284",1,0,0,0,"1"
"2285",1,0,0,0,"1"
"2286",1,0,0,0,"1"
"2287",1,0,0,0,"1"
"2288",1,0,0,0,"1"
"2289",1,0,0,0,"1"
"2290",1,0,0,0,"1"
"2291",1,0,0,0,"1"
"2292",1,0,0,0,"1"
"2293",1,0,0,0,"1"
"2294",1,0,0,0,"1"
"2295",1,0,0,0,"1"
"2296",1,0,0,0,"1"
"2297",1,0,0,0,"1"
"2298",1,0,0,0,"1"
"2299",1,0,0,0,"1"
"2300",1,0,0,0,"1"
"2301",1,0,0,0,"1"
"2302",1,0,0,0,"1"
"2303",1,0,0,0,"1"
"2304",1,0,0,0,"1"
"2305",1,0,0,0,"1"
"2306",1,0,0,0,"1"
"2307",1,0,0,0,"1"
"2308",1,0,0,0,"1"
"2309",1,0,0,0,"1"
"2310",1,0,0,0,"1"
"2311",1,0,0,0,"1"
"2312",1,0,0,0,"1"
"2313",1,0,0,0,"1"
"2314",1,0,0,0,"1"
"2315",1,0,0,0,"1"
"2316",1,0,0,0,"1"
"2317",1,0,0,0,"1"
"2318",1,0,0,0,"1"
"2319",1,0,0,0,"1"
"2320",1,0,0,0,"1"
"2321",1,0,0,0,"1"
"2322",1,0,0,0,"1"
"2323",1,0,0,0,"1"
"2324",1,0,0,0,"1"
"2325",1,0,0,0,"1"
"2326",1,0,0,0,"1"
"2327",1,0,0,0,"1"
"2328",1,0,0,0,"1"
"2329",1,0,0,0,"1"
"2330",1,0,0,0,"1"
"2331",1,0,0,0,"1"
"2332",1,0,0,0,"1"
"2333",1,0,0,0,"1"
"2334",1,0,0,0,"1"
"2335",1,0,0,0,"1"
"2336",1,0,0,0,"1"
"2337",1,0,0,0,"1"
"2338",1,0,0,0,"1"
"2339",1,0,0,0,"1"
"2340",1,0,0,0,"1"
"2341",1,0,0,0,"1"
"2342",1,0,0,0,"1"
"2343",1,0,0,0,"1"
"2344",1,0,0,0,"1"
"2345",1,0,0,0,"1"
"2346",1,0,0,0,"1"
"2347",1,0,0,0,"1"
"2348",1,0,0,0,"1"
"2349",1,0,0,0,"1"
"2350",1,0,0,0,"1"
"2351",1,0,0,0,"1"
"2352",1,0,0,0,"1"
"2353",1,0,0,0,"1"
"2354",1,0,0,0,"1"
"2355",1,0,0,0,"1"
"2356",1,0,0,0,"1"
"2357",1,0,0,0,"1"
"2358",1,0,0,0,"1"
"2359",1,0,0,0,"1"
"2360",1,0,0,0,"1"
"2361",1,0,0,0,"1"
"2362",1,0,0,0,"1"
"2363",1,0,0,0,"1"
"2364",1,0,0,0,"1"
"2365",1,0,0,0,"1"
"2366",1,0,0,0,"1"
"2367",1,0,0,0,"1"
"2368",1,0,0,0,"1"
"2369",1,0,0,0,"1"
"2370",1,0,0,0,"1"
"2371",1,0,0,0,"1"
"2372",1,0,0,0,"1"
"2373",1,0,0,0,"1"
"2374",1,0,0,0,"1"
"2375",1,0,0,0,"1"
"2376",1,0,0,0,"1"
"2377",1,0,0,0,"1"
"2378",1,0,0,0,"1"
"2379",1,0,0,0,"1"
"2380",1,0,0,0,"1"
"2381",1,0,0,0,"1"
"2382",1,0,0,0,"1"
"2383",1,0,0,0,"1"
"2384",1,0,0,0,"1"
"2385",1,0,0,0,"1"
"2386",1,0,0,0,"1"
"2387",1,0,0,0,"1"
"2388",1,0,0,0,"1"
"2389",1,0,0,0,"1"
"2390",1,0,0,0,"1"
"2391",1,0,0,0,"1"
"2392",1,0,0,0,"1"
"2393",1,0,0,0,"1"
"2394",1,0,0,0,"1"
"2395",1,0,0,0,"1"
"2396",1,0,0,0,"1"
"2397",1,0,0,0,"1"
"2398",1,0,0,0,"1"
"2399",1,0,0,0,"1"
"2400",1,0,0,0,"1"
"2401",1,0,0,0,"1"
"2402",1,0,0,0,"1"
"2403",1,0,0,0,"1"
"2404",1,0,0,0,"1"
"2405",1,0,0,0,"1"
"2406",1,0,0,0,"1"
"2407",1,0,0,0,"1"
"2408",1,0,0,0,"1"
"2409",1,0,0,0,"1"
"2410",1,0,0,0,"1"
"2411",1,0,0,0,"1"
"2412",1,0,0,0,"1"
"2413",1,0,0,0,"1"
"2414",1,0,0,0,"1"
"2415",1,0,0,0,"1"
"2416",1,0,0,0,"1"
"2417",1,0,0,0,"1"
"2418",1,0,0,0,"1"
"2419",1,0,0,0,"1"
"2420",1,0,0,0,"1"
"2421",1,0,0,0,"1"
"2422",1,0,0,0,"1"
"2423",1,0,0,0,"1"
"2424",1,0,0,0,"1"
"2425",1,0,0,0,"1"
"2426",1,0,0,0,"1"
"2427",1,0,0,0,"1"
"2428",1,0,0,0,"1"
"2429",1,0,0,0,"1"
"2430",1,0,0,0,"1"
"2431",1,0,0,0,"1"
"2432",1,0,0,0,"1"
"2433",1,0,0,0,"1"
"2434",1,0,0,0,"1"
"2435",1,0,0,0,"1"
"2436",1,0,0,0,"1"
"2437",1,0,0,0,"1"
"2438",1,0,0,0,"1"
"2439",1,0,0,0,"1"
"2440",1,0,0,0,"1"
"2441",1,0,0,0,"1"
"2442",1,0,0,0,"1"
"2443",1,0,0,0,"1"
"2444",1,0,0,0,"1"
"2445",1,0,0,0,"1"
"2446",1,0,0,0,"1"
"2447",1,0,0,0,"1"
"2448",1,0,0,0,"1"
"2449",1,0,0,0,"1"
"2450",1,0,0,0,"1"
"2451",1,0,0,0,"1"
"2452",1,0,0,0,"1"
"2453",1,0,0,0,"1"
"2454",1,0,0,0,"1"
"2455",1,0,0,0,"1"
"2456",1,0,0,0,"1"
"2457",1,0,0,0,"1"
"2458",1,0,0,0,"1"
"2459",0,1,1,1,"2"
"2460",0,1,1,1,"2"
"2461",0,1,1,1,"2"
"2462",0,1,1,1,"2"
"2463",0,1,1,1,"2"
"2464",0,1,1,1,"2"
"2465",0,1,1,1,"2"
"2466",0,1,1,1,"2"
"2467",0,1,1,1,"2"
"2468",0,1,1,1,"2"
"2469",0,1,1,1,"2"
"2470",0,1,1,1,"2"
"2471",0,1,1,1,"2"
"2472",0,1,1,1,"2"
"2473",0,1,1,1,"1"
"2474",0,1,1,1,"1"
"2475",0,1,1,1,"1"
"2476",0,1,1,1,"1"
"2477",0,1,1,1,"1"
"2478",0,1,1,1,"1"
"2479",0,1,1,1,"1"
"2480",0,1,1,1,"1"
"2481",0,1,1,1,"1"
"2482",0,1,1,1,"1"
"2483",0,1,1,1,"1"
"2484",0,1,1,1,"1"
"2485",0,1,1,1,"1"
"2486",0,1,1,1,"1"
"2487",0,1,1,1,"1"
"2488",0,1,1,1,"1"
"2489",0,1,1,1,"1"
"2490",0,1,1,1,"1"
"2491",0,1,1,1,"1"
"2492",0,1,1,1,"1"
"2493",0,1,1,0,"2"
"2494",0,1,1,0,"2"
"2495",0,1,1,0,"2"
"2496",0,1,1,0,"2"
"2497",0,1,1,0,"2"
"2498",0,1,1,0,"2"
"2499",0,1,1,0,"2"
"2500",0,1,1,0,"2"
"2501",0,1,1,0,"2"
"2502",0,1,1,0,"2"
"2503",0,1,1,0,"2"
"2504",0,1,1,0,"1"
"2505",0,1,1,0,"1"
"2506",0,1,1,0,"1"
"2507",0,1,1,0,"1"
"2508",0,1,1,0,"1"
"2509",0,1,1,0,"1"
"2510",0,1,1,0,"1"
"2511",0,1,1,0,"1"
"2512",0,1,1,0,"1"
"2513",0,1,1,0,"1"
"2514",0,1,0,1,"2"
"2515",0,1,0,1,"2"
"2516",0,1,0,1,"2"
"2517",0,1,0,1,"2"
"2518",0,1,0,1,"2"
"2519",0,1,0,1,"2"
"2520",0,1,0,1,"2"
"2521",0,1,0,1,"2"
"2522",0,1,0,1,"2"
"2523",0,1,0,1,"2"
"2524",0,1,0,1,"2"
"2525",0,1,0,1,"1"
"2526",0,1,0,1,"1"
"2527",0,1,0,1,"1"
"2528",0,1,0,1,"1"
"2529",0,1,0,1,"1"
"2530",0,1,0,1,"1"
"2531",0,1,0,1,"1"
"2532",0,1,0,1,"1"
"2533",0,1,0,1,"1"
"2534",0,1,0,1,"1"
"2535",0,1,0,1,"1"
"2536",0,1,0,0,"2"
"2537",0,1,0,0,"2"
"2538",0,1,0,0,"2"
"2539",0,1,0,0,"2"
"2540",0,1,0,0,"2"
"2541",0,1,0,0,"2"
"2542",0,1,0,0,"2"
"2543",0,1,0,0,"2"
"2544",0,1,0,0,"2"
"2545",0,1,0,0,"2"
"2546",0,1,0,0,"2"
"2547",0,1,0,0,"2"
"2548",0,1,0,0,"2"
"2549",0,1,0,0,"2"
"2550",0,1,0,0,"1"
"2551",0,1,0,0,"1"
"2552",0,1,0,0,"1"
"2553",0,1,0,0,"1"
"2554",0,1,0,0,"1"
"2555",0,1,0,0,"1"
"2556",0,1,0,0,"1"
"2557",0,1,0,0,"1"
"2558",0,1,0,0,"1"
"2559",0,0,1,1,"2"
"2560",0,0,1,1,"2"
"2561",0,0,1,1,"2"
"2562",0,0,1,1,"2"
"2563",0,0,1,1,"2"
"2564",0,0,1,1,"2"
"2565",0,0,1,1,"2"
"2566",0,0,1,1,"2"
"2567",0,0,1,1,"2"
"2568",0,0,1,1,"2"
"2569",0,0,1,1,"2"
"2570",0,0,1,1,"2"
"2571",0,0,1,1,"2"
"2572",0,0,1,1,"2"
"2573",0,0,1,1,"2"
"2574",0,0,1,1,"2"
"2575",0,0,1,1,"2"
"2576",0,0,1,1,"2"
"2577",0,0,1,1,"2"
"2578",0,0,1,1,"2"
"2579",0,0,1,1,"2"
"2580",0,0,1,1,"2"
"2581",0,0,1,1,"2"
"2582",0,0,1,1,"2"
"2583",0,0,1,1,"2"
"2584",0,0,1,1,"2"
"2585",0,0,1,1,"2"
"2586",0,0,1,1,"2"
"2587",0,0,1,1,"2"
"2588",0,0,1,1,"2"
"2589",0,0,1,1,"2"
"2590",0,0,1,1,"1"
"2591",0,0,1,1,"1"
"2592",0,0,1,1,"1"
"2593",0,0,1,1,"1"
"2594",0,0,1,1,"1"
"2595",0,0,1,1,"1"
"2596",0,0,1,1,"1"
"2597",0,0,1,1,"1"
"2598",0,0,1,1,"1"
"2599",0,0,1,1,"1"
"2600",0,0,1,1,"1"
"2601",0,0,1,1,"1"
"2602",0,0,1,1,"1"
"2603",0,0,1,1,"1"
"2604",0,0,1,1,"1"
"2605",0,0,1,1,"1"
"2606",0,0,1,1,"1"
"2607",0,0,1,1,"1"
"2608",0,0,1,1,"1"
"2609",0,0,1,1,"1"
"2610",0,0,1,1,"1"
"2611",0,0,1,1,"1"
"2612",0,0,1,1,"1"
"2613",0,0,1,1,"1"
"2614",0,0,1,1,"1"
"2615",0,0,1,1,"1"
"2616",0,0,1,1,"1"
"2617",0,0,1,1,"1"
"2618",0,0,1,1,"1"
"2619",0,0,1,1,"1"
"2620",0,0,1,1,"1"
"2621",0,0,1,1,"1"
"2622",0,0,1,1,"1"
"2623",0,0,1,1,"1"
"2624",0,0,1,1,"1"
"2625",0,0,1,1,"1"
"2626",0,0,1,1,"1"
"2627",0,0,1,1,"1"
"2628",0,0,1,1,"1"
"2629",0,0,1,1,"1"
"2630",0,0,1,1,"1"
"2631",0,0,1,1,"1"
"2632",0,0,1,1,"1"
"2633",0,0,1,1,"1"
"2634",0,0,1,1,"1"
"2635",0,0,1,1,"1"
"2636",0,0,1,1,"1"
"2637",0,0,1,1,"1"
"2638",0,0,1,1,"1"
"2639",0,0,1,1,"1"
"2640",0,0,1,1,"1"
"2641",0,0,1,1,"1"
"2642",0,0,1,1,"1"
"2643",0,0,1,1,"1"
"2644",0,0,1,1,"1"
"2645",0,0,1,1,"1"
"2646",0,0,1,0,"2"
"2647",0,0,1,0,"2"
"2648",0,0,1,0,"2"
"2649",0,0,1,0,"2"
"2650",0,0,1,0,"2"
"2651",0,0,1,0,"2"
"2652",0,0,1,0,"2"
"2653",0,0,1,0,"2"
"2654",0,0,1,0,"2"
"2655",0,0,1,0,"2"
"2656",0,0,1,0,"2"
"2657",0,0,1,0,"2"
"2658",0,0,1,0,"2"
"2659",0,0,1,0,"2"
"2660",0,0,1,0,"2"
"2661",0,0,1,0,"2"
"2662",0,0,1,0,"2"
"2663",0,0,1,0,"2"
"2664",0,0,1,0,"2"
"2665",0,0,1,0,"2"
"2666",0,0,1,0,"2"
"2667",0,0,1,0,"2"
"2668",0,0,1,0,"2"
"2669",0,0,1,0,"2"
"2670",0,0,1,0,"2"
"2671",0,0,1,0,"2"
"2672",0,0,1,0,"2"
"2673",0,0,1,0,"2"
"2674",0,0,1,0,"2"
"2675",0,0,1,0,"2"
"2676",0,0,1,0,"2"
"2677",0,0,1,0,"2"
"2678",0,0,1,0,"2"
"2679",0,0,1,0,"2"
"2680",0,0,1,0,"2"
"2681",0,0,1,0,"2"
"2682",0,0,1,0,"2"
"2683",0,0,1,0,"2"
"2684",0,0,1,0,"2"
"2685",0,0,1,0,"2"
"2686",0,0,1,0,"2"
"2687",0,0,1,0,"2"
"2688",0,0,1,0,"2"
"2689",0,0,1,0,"2"
"2690",0,0,1,0,"2"
"2691",0,0,1,0,"2"
"2692",0,0,1,0,"1"
"2693",0,0,1,0,"1"
"2694",0,0,1,0,"1"
"2695",0,0,1,0,"1"
"2696",0,0,1,0,"1"
"2697",0,0,1,0,"1"
"2698",0,0,1,0,"1"
"2699",0,0,1,0,"1"
"2700",0,0,1,0,"1"
"2701",0,0,1,0,"1"
"2702",0,0,1,0,"1"
"2703",0,0,1,0,"1"
"2704",0,0,1,0,"1"
"2705",0,0,1,0,"1"
"2706",0,0,1,0,"1"
"2707",0,0,1,0,"1"
"2708",0,0,1,0,"1"
"2709",0,0,1,0,"1"
"2710",0,0,1,0,"1"
"2711",0,0,1,0,"1"
"2712",0,0,1,0,"1"
"2713",0,0,1,0,"1"
"2714",0,0,1,0,"1"
"2715",0,0,1,0,"1"
"2716",0,0,1,0,"1"
"2717",0,0,1,0,"1"
"2718",0,0,1,0,"1"
"2719",0,0,1,0,"1"
"2720",0,0,1,0,"1"
"2721",0,0,1,0,"1"
"2722",0,0,1,0,"1"
"2723",0,0,1,0,"1"
"2724",0,0,1,0,"1"
"2725",0,0,1,0,"1"
"2726",0,0,1,0,"1"
"2727",0,0,1,0,"1"
"2728",0,0,1,0,"1"
"2729",0,0,1,0,"1"
"2730",0,0,1,0,"1"
"2731",0,0,1,0,"1"
"2732",0,0,1,0,"1"
"2733",0,0,1,0,"1"
"2734",0,0,1,0,"1"
"2735",0,0,1,0,"1"
"2736",0,0,1,0,"1"
"2737",0,0,1,0,"1"
"2738",0,0,1,0,"1"
"2739",0,0,1,0,"1"
"2740",0,0,1,0,"1"
"2741",0,0,1,0,"1"
"2742",0,0,1,0,"1"
"2743",0,0,1,0,"1"
"2744",0,0,1,0,"1"
"2745",0,0,1,0,"1"
"2746",0,0,1,0,"1"
"2747",0,0,0,1,"2"
"2748",0,0,0,1,"2"
"2749",0,0,0,1,"2"
"2750",0,0,0,1,"2"
"2751",0,0,0,1,"2"
"2752",0,0,0,1,"2"
"2753",0,0,0,1,"2"
"2754",0,0,0,1,"2"
"2755",0,0,0,1,"2"
"2756",0,0,0,1,"2"
"2757",0,0,0,1,"2"
"2758",0,0,0,1,"2"
"2759",0,0,0,1,"2"
"2760",0,0,0,1,"2"
"2761",0,0,0,1,"2"
"2762",0,0,0,1,"2"
"2763",0,0,0,1,"2"
"2764",0,0,0,1,"2"
"2765",0,0,0,1,"2"
"2766",0,0,0,1,"2"
"2767",0,0,0,1,"2"
"2768",0,0,0,1,"2"
"2769",0,0,0,1,"2"
"2770",0,0,0,1,"2"
"2771",0,0,0,1,"2"
"2772",0,0,0,1,"2"
"2773",0,0,0,1,"2"
"2774",0,0,0,1,"2"
"2775",0,0,0,1,"2"
"2776",0,0,0,1,"2"
"2777",0,0,0,1,"2"
"2778",0,0,0,1,"2"
"2779",0,0,0,1,"2"
"2780",0,0,0,1,"2"
"2781",0,0,0,1,"2"
"2782",0,0,0,1,"2"
"2783",0,0,0,1,"2"
"2784",0,0,0,1,"1"
"2785",0,0,0,1,"1"
"2786",0,0,0,1,"1"
"2787",0,0,0,1,"1"
"2788",0,0,0,1,"1"
"2789",0,0,0,1,"1"
"2790",0,0,0,1,"1"
"2791",0,0,0,1,"1"
"2792",0,0,0,1,"1"
"2793",0,0,0,1,"1"
"2794",0,0,0,1,"1"
"2795",0,0,0,1,"1"
"2796",0,0,0,1,"1"
"2797",0,0,0,1,"1"
"2798",0,0,0,1,"1"
"2799",0,0,0,1,"1"
"2800",0,0,0,1,"1"
"2801",0,0,0,1,"1"
"2802",0,0,0,1,"1"
"2803",0,0,0,1,"1"
"2804",0,0,0,1,"1"
"2805",0,0,0,1,"1"
"2806",0,0,0,1,"1"
"2807",0,0,0,1,"1"
"2808",0,0,0,1,"1"
"2809",0,0,0,1,"1"
"2810",0,0,0,1,"1"
"2811",0,0,0,1,"1"
"2812",0,0,0,1,"1"
"2813",0,0,0,1,"1"
"2814",0,0,0,1,"1"
"2815",0,0,0,1,"1"
"2816",0,0,0,1,"1"
"2817",0,0,0,1,"1"
"2818",0,0,0,1,"1"
"2819",0,0,0,1,"1"
"2820",0,0,0,1,"1"
"2821",0,0,0,1,"1"
"2822",0,0,0,1,"1"
"2823",0,0,0,1,"1"
"2824",0,0,0,1,"1"
"2825",0,0,0,1,"1"
"2826",0,0,0,1,"1"
"2827",0,0,0,1,"1"
"2828",0,0,0,1,"1"
"2829",0,0,0,1,"1"
"2830",0,0,0,1,"1"
"2831",0,0,0,1,"1"
"2832",0,0,0,1,"1"
"2833",0,0,0,1,"1"
"2834",0,0,0,1,"1"
"2835",0,0,0,1,"1"
"2836",0,0,0,1,"1"
"2837",0,0,0,1,"1"
"2838",0,0,0,1,"1"
"2839",0,0,0,1,"1"
"2840",0,0,0,1,"1"
"2841",0,0,0,1,"1"
"2842",0,0,0,1,"1"
"2843",0,0,0,1,"1"
"2844",0,0,0,1,"1"
"2845",0,0,0,1,"1"
"2846",0,0,0,1,"1"
"2847",0,0,0,1,"1"
"2848",0,0,0,0,"2"
"2849",0,0,0,0,"2"
"2850",0,0,0,0,"2"
"2851",0,0,0,0,"2"
"2852",0,0,0,0,"2"
"2853",0,0,0,0,"2"
"2854",0,0,0,0,"2"
"2855",0,0,0,0,"2"
"2856",0,0,0,0,"2"
"2857",0,0,0,0,"2"
"2858",0,0,0,0,"2"
"2859",0,0,0,0,"2"
"2860",0,0,0,0,"2"
"2861",0,0,0,0,"2"
"2862",0,0,0,0,"2"
"2863",0,0,0,0,"2"
"2864",0,0,0,0,"2"
"2865",0,0,0,0,"2"
"2866",0,0,0,0,"2"
"2867",0,0,0,0,"2"
"2868",0,0,0,0,"2"
"2869",0,0,0,0,"2"
"2870",0,0,0,0,"2"
"2871",0,0,0,0,"2"
"2872",0,0,0,0,"2"
"2873",0,0,0,0,"2"
"2874",0,0,0,0,"2"
"2875",0,0,0,0,"2"
"2876",0,0,0,0,"2"
"2877",0,0,0,0,"2"
"2878",0,0,0,0,"2"
"2879",0,0,0,0,"2"
"2880",0,0,0,0,"2"
"2881",0,0,0,0,"2"
"2882",0,0,0,0,"2"
"2883",0,0,0,0,"2"
"2884",0,0,0,0,"2"
"2885",0,0,0,0,"2"
"2886",0,0,0,0,"2"
"2887",0,0,0,0,"2"
"2888",0,0,0,0,"2"
"2889",0,0,0,0,"2"
"2890",0,0,0,0,"2"
"2891",0,0,0,0,"2"
"2892",0,0,0,0,"2"
"2893",0,0,0,0,"2"
"2894",0,0,0,0,"2"
"2895",0,0,0,0,"2"
"2896",0,0,0,0,"2"
"2897",0,0,0,0,"2"
"2898",0,0,0,0,"2"
"2899",0,0,0,0,"2"
"2900",0,0,0,0,"2"
"2901",0,0,0,0,"2"
"2902",0,0,0,0,"2"
"2903",0,0,0,0,"2"
"2904",0,0,0,0,"2"
"2905",0,0,0,0,"2"
"2906",0,0,0,0,"2"
"2907",0,0,0,0,"2"
"2908",0,0,0,0,"2"
"2909",0,0,0,0,"2"
"2910",0,0,0,0,"2"
"2911",0,0,0,0,"2"
"2912",0,0,0,0,"2"
"2913",0,0,0,0,"2"
"2914",0,0,0,0,"2"
"2915",0,0,0,0,"2"
"2916",0,0,0,0,"2"
"2917",0,0,0,0,"2"
"2918",0,0,0,0,"2"
"2919",0,0,0,0,"2"
"2920",0,0,0,0,"2"
"2921",0,0,0,0,"2"
"2922",0,0,0,0,"2"
"2923",0,0,0,0,"2"
"2924",0,0,0,0,"2"
"2925",0,0,0,0,"2"
"2926",0,0,0,0,"2"
"2927",0,0,0,0,"2"
"2928",0,0,0,0,"2"
"2929",0,0,0,0,"2"
"2930",0,0,0,0,"1"
"2931",0,0,0,0,"1"
"2932",0,0,0,0,"1"
"2933",0,0,0,0,"1"
"2934",0,0,0,0,"1"
"2935",0,0,0,0,"1"
"2936",0,0,0,0,"1"
"2937",0,0,0,0,"1"
"2938",0,0,0,0,"1"
"2939",0,0,0,0,"1"
"2940",0,0,0,0,"1"
"2941",0,0,0,0,"1"
"2942",0,0,0,0,"1"
"2943",0,0,0,0,"1"
"2944",0,0,0,0,"1"
"2945",0,0,0,0,"1"
"2946",0,0,0,0,"1"
"2947",0,0,0,0,"1"
"2948",0,0,0,0,"1"
"2949",0,0,0,0,"1"
"2950",0,0,0,0,"1"
"2951",0,0,0,0,"1"
"2952",0,0,0,0,"1"
"2953",0,0,0,0,"1"
"2954",0,0,0,0,"1"
"2955",0,0,0,0,"1"
"2956",0,0,0,0,"1"
"2957",0,0,0,0,"1"
"2958",0,0,0,0,"1"
"2959",0,0,0,0,"1"
"2960",0,0,0,0,"1"
"2961",0,0,0,0,"1"
"2962",0,0,0,0,"1"
"2963",0,0,0,0,"1"
"2964",0,0,0,0,"1"
"2965",0,0,0,0,"1"
"2966",0,0,0,0,"1"
"2967",0,0,0,0,"1"
"2968",0,0,0,0,"1"
"2969",0,0,0,0,"1"
"2970",0,0,0,0,"1"
"2971",0,0,0,0,"1"
"2972",0,0,0,0,"1"
"2973",0,0,0,0,"1"
"2974",0,0,0,0,"1"
"2975",0,0,0,0,"1"
"2976",0,0,0,0,"1"
"2977",0,0,0,0,"1"
"2978",0,0,0,0,"1"
"2979",0,0,0,0,"1"
"2980",0,0,0,0,"1"
"2981",0,0,0,0,"1"
"2982",0,0,0,0,"1"
